PassengerId,Survived,Pclass,Age,SibSp,Parch,Fare,Sex,Ticket,Cabin,Embarked,Name,Cabin_ticket_list,Cabin_seat_count,Cabin_group,Family_Member_Count,Sex_encoded,Cabin_encoded,Cabin_group_encoded,Embarked_encoded
1,0,3,22.0,1,0,7.25,male,A/5 21171,Missing,S,"['braund', 'mr', 'owen', 'harris']",[],0,M,1,1,146,7,2
2,1,1,38.0,1,0,71.2833,female,PC 17599,C85,C,"['cumings', 'mrs', 'john', 'bradley', 'florence', 'briggs', 'thayer']",['C85'],1,C,1,0,81,2,0
3,1,3,26.0,0,0,7.925,female,STON/O2. 3101282,Missing,S,"['heikkinen', 'miss', 'laina']",[],0,M,0,0,146,7,2
4,1,1,35.0,1,0,53.1,female,113803,C123,S,"['futrelle', 'mrs', 'jacques', 'heath', 'lily', 'may', 'peel']",['C123'],1,C,1,0,55,2,2
5,0,3,35.0,0,0,8.05,male,373450,Missing,S,"['allen', 'mr', 'william', 'henry']",[],0,M,0,1,146,7,2
6,0,3,28.0,0,0,8.4583,male,330877,Missing,Q,"['moran', 'mr', 'james']",[],0,M,0,1,146,7,1
7,0,1,54.0,0,0,51.8625,male,17463,E46,S,"['mccarthy', 'mr', 'timothy', 'j']",['E46'],1,E,0,1,129,4,2
8,0,3,2.0,3,1,21.075,male,349909,Missing,S,"['palsson', 'master', 'gosta', 'leonard']",[],0,M,4,1,146,7,2
9,1,3,27.0,0,2,11.1333,female,347742,Missing,S,"['johnson', 'mrs', 'oscar', 'w', 'elisabeth', 'vilhelmina', 'berg']",[],0,M,2,0,146,7,2
10,1,2,14.0,1,0,30.0708,female,237736,Missing,C,"['nasser', 'mrs', 'nicholas', 'adele', 'achem']",[],0,M,1,0,146,7,0
11,1,3,4.0,1,1,16.7,female,PP 9549,G6,S,"['sandstrom', 'miss', 'marguerite', 'rut']",['G6'],1,G,2,0,145,6,2
12,1,1,58.0,0,0,26.55,female,113783,C103,S,"['bonnell', 'miss', 'elizabeth']",['C103'],1,C,0,0,49,2,2
13,0,3,20.0,0,0,8.05,male,A/5. 2151,Missing,S,"['saundercock', 'mr', 'william', 'henry']",[],0,M,0,1,146,7,2
14,0,3,39.0,1,5,31.275,male,347082,Missing,S,"['andersson', 'mr', 'anders', 'johan']",[],0,M,6,1,146,7,2
15,0,3,14.0,0,0,7.8542,female,350406,Missing,S,"['vestrom', 'miss', 'hulda', 'amanda', 'adolfina']",[],0,M,0,0,146,7,2
16,1,2,55.0,0,0,16.0,female,248706,Missing,S,"['hewlett', 'mrs', 'mary', 'd', 'kingcome', '']",[],0,M,0,0,146,7,2
17,0,3,2.0,4,1,29.125,male,382652,Missing,Q,"['rice', 'master', 'eugene']",[],0,M,5,1,146,7,1
18,1,2,28.0,0,0,13.0,male,244373,Missing,S,"['williams', 'mr', 'charles', 'eugene']",[],0,M,0,1,146,7,2
19,0,3,31.0,1,0,18.0,female,345763,Missing,S,"['vander', 'planke', 'mrs', 'julius', 'emelia', 'maria', 'vandemoortele']",[],0,M,1,0,146,7,2
20,1,3,28.0,0,0,7.225,female,2649,Missing,C,"['masselmani', 'mrs', 'fatima']",[],0,M,0,0,146,7,0
21,0,2,35.0,0,0,26.0,male,239865,Missing,S,"['fynney', 'mr', 'joseph', 'j']",[],0,M,0,1,146,7,2
22,1,2,34.0,0,0,13.0,male,248698,D56,S,"['beesley', 'mr', 'lawrence']",['D56'],1,D,0,1,111,3,2
23,1,3,15.0,0,0,8.0292,female,330923,Missing,Q,"['mcgowan', 'miss', 'anna', 'annie']",[],0,M,0,0,146,7,1
24,1,1,28.0,0,0,35.5,male,113788,A6,S,"['sloper', 'mr', 'william', 'thompson']",['A6'],1,A,0,1,13,0,2
25,0,3,8.0,3,1,21.075,female,349909,Missing,S,"['palsson', 'miss', 'torborg', 'danira']",[],0,M,4,0,146,7,2
26,1,3,38.0,1,5,31.3875,female,347077,Missing,S,"['asplund', 'mrs', 'carl', 'oscar', 'selma', 'augusta', 'emilia', 'johansson']",[],0,M,6,0,146,7,2
27,0,3,28.0,0,0,7.225,male,2631,Missing,C,"['emir', 'mr', 'farred', 'chehab']",[],0,M,0,1,146,7,0
28,0,1,19.0,3,2,263.0,male,19950,C23 C25 C27,S,"['fortune', 'mr', 'charles', 'alexander']","['C23', 'C25', 'C27']",3,C,5,1,63,2,2
29,1,3,28.0,0,0,7.8792,female,330959,Missing,Q,"['odwyer', 'miss', 'ellen', 'nellie']",[],0,M,0,0,146,7,1
30,0,3,28.0,0,0,7.8958,male,349216,Missing,S,"['todoroff', 'mr', 'lalio']",[],0,M,0,1,146,7,2
31,0,1,40.0,0,0,27.7208,male,PC 17601,Missing,C,"['uruchurtu', 'don', 'manuel', 'e']",[],0,M,0,1,146,7,0
32,1,1,28.0,1,0,146.5208,female,PC 17569,B78,C,"['spencer', 'mrs', 'william', 'augustus', 'marie', 'eugenie']",['B78'],1,B,1,0,41,1,0
33,1,3,28.0,0,0,7.75,female,335677,Missing,Q,"['glynn', 'miss', 'mary', 'agatha']",[],0,M,0,0,146,7,1
34,0,2,66.0,0,0,10.5,male,C.A. 24579,Missing,S,"['wheadon', 'mr', 'edward', 'h']",[],0,M,0,1,146,7,2
35,0,1,28.0,1,0,82.1708,male,PC 17604,Missing,C,"['meyer', 'mr', 'edgar', 'joseph']",[],0,M,1,1,146,7,0
36,0,1,42.0,1,0,52.0,male,113789,Missing,S,"['holverson', 'mr', 'alexander', 'oskar']",[],0,M,1,1,146,7,2
37,1,3,28.0,0,0,7.2292,male,2677,Missing,C,"['mamee', 'mr', 'hanna']",[],0,M,0,1,146,7,0
38,0,3,21.0,0,0,8.05,male,A./5. 2152,Missing,S,"['cann', 'mr', 'ernest', 'charles']",[],0,M,0,1,146,7,2
39,0,3,18.0,2,0,18.0,female,345764,Missing,S,"['vander', 'planke', 'miss', 'augusta', 'maria']",[],0,M,2,0,146,7,2
40,1,3,14.0,1,0,11.2417,female,2651,Missing,C,"['nicolayarred', 'miss', 'jamila']",[],0,M,1,0,146,7,0
41,0,3,40.0,1,0,9.475,female,7546,Missing,S,"['ahlin', 'mrs', 'johan', 'johanna', 'persdotter', 'larsson']",[],0,M,1,0,146,7,2
42,0,2,27.0,1,0,21.0,female,11668,Missing,S,"['turpin', 'mrs', 'william', 'john', 'robert', 'dorothy', 'ann', 'wonnacott']",[],0,M,1,0,146,7,2
43,0,3,28.0,0,0,7.8958,male,349253,Missing,C,"['kraeff', 'mr', 'theodor']",[],0,M,0,1,146,7,0
44,1,2,3.0,1,2,41.5792,female,SC/Paris 2123,Missing,C,"['laroche', 'miss', 'simonne', 'marie', 'anne', 'andree']",[],0,M,3,0,146,7,0
45,1,3,19.0,0,0,7.8792,female,330958,Missing,Q,"['devaney', 'miss', 'margaret', 'delia']",[],0,M,0,0,146,7,1
46,0,3,28.0,0,0,8.05,male,S.C./A.4. 23567,Missing,S,"['rogers', 'mr', 'william', 'john']",[],0,M,0,1,146,7,2
47,0,3,28.0,1,0,15.5,male,370371,Missing,Q,"['lennon', 'mr', 'denis']",[],0,M,1,1,146,7,1
48,1,3,28.0,0,0,7.75,female,14311,Missing,Q,"['odriscoll', 'miss', 'bridget']",[],0,M,0,0,146,7,1
49,0,3,28.0,2,0,21.6792,male,2662,Missing,C,"['samaan', 'mr', 'youssef']",[],0,M,2,1,146,7,0
50,0,3,18.0,1,0,17.8,female,349237,Missing,S,"['arnoldfranchi', 'mrs', 'josef', 'josefine', 'franchi']",[],0,M,1,0,146,7,2
51,0,3,7.0,4,1,39.6875,male,3101295,Missing,S,"['panula', 'master', 'juha', 'niilo']",[],0,M,5,1,146,7,2
52,0,3,21.0,0,0,7.8,male,A/4. 39886,Missing,S,"['nosworthy', 'mr', 'richard', 'cater']",[],0,M,0,1,146,7,2
53,1,1,49.0,1,0,76.7292,female,PC 17572,D33,C,"['harper', 'mrs', 'henry', 'sleeper', 'myna', 'haxtun']",['D33'],1,D,1,0,101,3,0
54,1,2,29.0,1,0,26.0,female,2926,Missing,S,"['faunthorpe', 'mrs', 'lizzie', 'elizabeth', 'anne', 'wilkinson']",[],0,M,1,0,146,7,2
55,0,1,65.0,0,1,61.9792,male,113509,B30,C,"['ostby', 'mr', 'engelhart', 'cornelius']",['B30'],1,B,1,1,23,1,0
56,1,1,28.0,0,0,35.5,male,19947,C52,S,"['woolner', 'mr', 'hugh']",['C52'],1,C,0,1,71,2,2
57,1,2,21.0,0,0,10.5,female,C.A. 31026,Missing,S,"['rugg', 'miss', 'emily']",[],0,M,0,0,146,7,2
58,0,3,28.5,0,0,7.2292,male,2697,Missing,C,"['novel', 'mr', 'mansouer']",[],0,M,0,1,146,7,0
59,1,2,5.0,1,2,27.75,female,C.A. 34651,Missing,S,"['west', 'miss', 'constance', 'mirium']",[],0,M,3,0,146,7,2
60,0,3,11.0,5,2,46.9,male,CA 2144,Missing,S,"['goodwin', 'master', 'william', 'frederick']",[],0,M,7,1,146,7,2
61,0,3,22.0,0,0,7.2292,male,2669,Missing,C,"['sirayanian', 'mr', 'orsen']",[],0,M,0,1,146,7,0
62,1,1,38.0,0,0,80.0,female,113572,B28,S,"['icard', 'miss', 'amelie']",['B28'],1,B,0,0,21,1,2
63,0,1,45.0,1,0,83.475,male,36973,C83,S,"['harris', 'mr', 'henry', 'birkhardt']",['C83'],1,C,1,1,80,2,2
64,0,3,4.0,3,2,27.9,male,347088,Missing,S,"['skoog', 'master', 'harald']",[],0,M,5,1,146,7,2
65,0,1,28.0,0,0,27.7208,male,PC 17605,Missing,C,"['stewart', 'mr', 'albert', 'a']",[],0,M,0,1,146,7,0
66,1,3,28.0,1,1,15.2458,male,2661,Missing,C,"['moubarek', 'master', 'gerios']",[],0,M,2,1,146,7,0
67,1,2,29.0,0,0,10.5,female,C.A. 29395,F33,S,"['nye', 'mrs', 'elizabeth', 'ramell']",['F33'],1,F,0,0,142,5,2
68,0,3,19.0,0,0,8.1583,male,S.P. 3464,Missing,S,"['crease', 'mr', 'ernest', 'james']",[],0,M,0,1,146,7,2
69,1,3,17.0,4,2,7.925,female,3101281,Missing,S,"['andersson', 'miss', 'erna', 'alexandra']",[],0,M,6,0,146,7,2
70,0,3,26.0,2,0,8.6625,male,315151,Missing,S,"['kink', 'mr', 'vincenz']",[],0,M,2,1,146,7,2
71,0,2,32.0,0,0,10.5,male,C.A. 33111,Missing,S,"['jenkin', 'mr', 'stephen', 'curnow']",[],0,M,0,1,146,7,2
72,0,3,16.0,5,2,46.9,female,CA 2144,Missing,S,"['goodwin', 'miss', 'lillian', 'amy']",[],0,M,7,0,146,7,2
73,0,2,21.0,0,0,73.5,male,S.O.C. 14879,Missing,S,"['hood', 'mr', 'ambrose', 'jr']",[],0,M,0,1,146,7,2
74,0,3,26.0,1,0,14.4542,male,2680,Missing,C,"['chronopoulos', 'mr', 'apostolos']",[],0,M,1,1,146,7,0
75,1,3,32.0,0,0,56.4958,male,1601,Missing,S,"['bing', 'mr', 'lee']",[],0,M,0,1,146,7,2
76,0,3,25.0,0,0,7.65,male,348123,F G73,S,"['moen', 'mr', 'sigurd', 'hansen']","['F', 'G73']",2,F,0,1,140,5,2
77,0,3,28.0,0,0,7.8958,male,349208,Missing,S,"['staneff', 'mr', 'ivan']",[],0,M,0,1,146,7,2
78,0,3,28.0,0,0,8.05,male,374746,Missing,S,"['moutal', 'mr', 'rahamin', 'haim']",[],0,M,0,1,146,7,2
79,1,2,0.83,0,2,29.0,male,248738,Missing,S,"['caldwell', 'master', 'alden', 'gates']",[],0,M,2,1,146,7,2
80,1,3,30.0,0,0,12.475,female,364516,Missing,S,"['dowdell', 'miss', 'elizabeth']",[],0,M,0,0,146,7,2
81,0,3,22.0,0,0,9.0,male,345767,Missing,S,"['waelens', 'mr', 'achille']",[],0,M,0,1,146,7,2
82,1,3,29.0,0,0,9.5,male,345779,Missing,S,"['sheerlinck', 'mr', 'jan', 'baptist']",[],0,M,0,1,146,7,2
83,1,3,28.0,0,0,7.7875,female,330932,Missing,Q,"['mcdermott', 'miss', 'brigdet', 'delia']",[],0,M,0,0,146,7,1
84,0,1,28.0,0,0,47.1,male,113059,Missing,S,"['carrau', 'mr', 'francisco', 'm']",[],0,M,0,1,146,7,2
85,1,2,17.0,0,0,10.5,female,SO/C 14885,Missing,S,"['ilett', 'miss', 'bertha']",[],0,M,0,0,146,7,2
86,1,3,33.0,3,0,15.85,female,3101278,Missing,S,"['backstrom', 'mrs', 'karl', 'alfred', 'maria', 'mathilda', 'gustafsson']",[],0,M,3,0,146,7,2
87,0,3,16.0,1,3,34.375,male,W./C. 6608,Missing,S,"['ford', 'mr', 'william', 'neal']",[],0,M,4,1,146,7,2
88,0,3,28.0,0,0,8.05,male,SOTON/OQ 392086,Missing,S,"['slocovski', 'mr', 'selman', 'francis']",[],0,M,0,1,146,7,2
89,1,1,23.0,3,2,263.0,female,19950,C23 C25 C27,S,"['fortune', 'miss', 'mabel', 'helen']","['C23', 'C25', 'C27']",3,C,5,0,63,2,2
90,0,3,24.0,0,0,8.05,male,343275,Missing,S,"['celotti', 'mr', 'francesco']",[],0,M,0,1,146,7,2
91,0,3,29.0,0,0,8.05,male,343276,Missing,S,"['christmann', 'mr', 'emil']",[],0,M,0,1,146,7,2
92,0,3,20.0,0,0,7.8542,male,347466,Missing,S,"['andreasson', 'mr', 'paul', 'edvin']",[],0,M,0,1,146,7,2
93,0,1,46.0,1,0,61.175,male,W.E.P. 5734,E31,S,"['chaffee', 'mr', 'herbert', 'fuller']",['E31'],1,E,1,1,122,4,2
94,0,3,26.0,1,2,20.575,male,C.A. 2315,Missing,S,"['dean', 'mr', 'bertram', 'frank']",[],0,M,3,1,146,7,2
95,0,3,59.0,0,0,7.25,male,364500,Missing,S,"['coxon', 'mr', 'daniel']",[],0,M,0,1,146,7,2
96,0,3,28.0,0,0,8.05,male,374910,Missing,S,"['shorney', 'mr', 'charles', 'joseph']",[],0,M,0,1,146,7,2
97,0,1,71.0,0,0,34.6542,male,PC 17754,A5,C,"['goldschmidt', 'mr', 'george', 'b']",['A5'],1,A,0,1,12,0,0
98,1,1,23.0,0,1,63.3583,male,PC 17759,D10 D12,C,"['greenfield', 'mr', 'william', 'bertram']","['D10', 'D12']",2,D,1,1,91,3,0
99,1,2,34.0,0,1,23.0,female,231919,Missing,S,"['doling', 'mrs', 'john', 't', 'ada', 'julia', 'bone']",[],0,M,1,0,146,7,2
100,0,2,34.0,1,0,26.0,male,244367,Missing,S,"['kantor', 'mr', 'sinai']",[],0,M,1,1,146,7,2
101,0,3,28.0,0,0,7.8958,female,349245,Missing,S,"['petranec', 'miss', 'matilda']",[],0,M,0,0,146,7,2
102,0,3,28.0,0,0,7.8958,male,349215,Missing,S,"['petroff', 'mr', 'pastcho', 'pentcho']",[],0,M,0,1,146,7,2
103,0,1,21.0,0,1,77.2875,male,35281,D26,S,"['white', 'mr', 'richard', 'frasar']",['D26'],1,D,1,1,98,3,2
104,0,3,33.0,0,0,8.6542,male,7540,Missing,S,"['johansson', 'mr', 'gustaf', 'joel']",[],0,M,0,1,146,7,2
105,0,3,37.0,2,0,7.925,male,3101276,Missing,S,"['gustafsson', 'mr', 'anders', 'vilhelm']",[],0,M,2,1,146,7,2
106,0,3,28.0,0,0,7.8958,male,349207,Missing,S,"['mionoff', 'mr', 'stoytcho']",[],0,M,0,1,146,7,2
107,1,3,21.0,0,0,7.65,female,343120,Missing,S,"['salkjelsvik', 'miss', 'anna', 'kristine']",[],0,M,0,0,146,7,2
108,1,3,28.0,0,0,7.775,male,312991,Missing,S,"['moss', 'mr', 'albert', 'johan']",[],0,M,0,1,146,7,2
109,0,3,38.0,0,0,7.8958,male,349249,Missing,S,"['rekic', 'mr', 'tido']",[],0,M,0,1,146,7,2
110,1,3,28.0,1,0,24.15,female,371110,Missing,Q,"['moran', 'miss', 'bertha']",[],0,M,1,0,146,7,1
111,0,1,47.0,0,0,52.0,male,110465,C110,S,"['porter', 'mr', 'walter', 'chamberlain']",['C110'],1,C,0,1,52,2,2
112,0,3,14.5,1,0,14.4542,female,2665,Missing,C,"['zabour', 'miss', 'hileni']",[],0,M,1,0,146,7,0
113,0,3,22.0,0,0,8.05,male,324669,Missing,S,"['barton', 'mr', 'david', 'john']",[],0,M,0,1,146,7,2
114,0,3,20.0,1,0,9.825,female,4136,Missing,S,"['jussila', 'miss', 'katriina']",[],0,M,1,0,146,7,2
115,0,3,17.0,0,0,14.4583,female,2627,Missing,C,"['attalah', 'miss', 'malake']",[],0,M,0,0,146,7,0
116,0,3,21.0,0,0,7.925,male,STON/O 2. 3101294,Missing,S,"['pekoniemi', 'mr', 'edvard']",[],0,M,0,1,146,7,2
117,0,3,70.5,0,0,7.75,male,370369,Missing,Q,"['connors', 'mr', 'patrick']",[],0,M,0,1,146,7,1
118,0,2,29.0,1,0,21.0,male,11668,Missing,S,"['turpin', 'mr', 'william', 'john', 'robert']",[],0,M,1,1,146,7,2
119,0,1,24.0,0,1,247.5208,male,PC 17558,B58 B60,C,"['baxter', 'mr', 'quigg', 'edmond']","['B58', 'B60']",2,B,1,1,36,1,0
120,0,3,2.0,4,2,31.275,female,347082,Missing,S,"['andersson', 'miss', 'ellis', 'anna', 'maria']",[],0,M,6,0,146,7,2
121,0,2,21.0,2,0,73.5,male,S.O.C. 14879,Missing,S,"['hickman', 'mr', 'stanley', 'george']",[],0,M,2,1,146,7,2
122,0,3,28.0,0,0,8.05,male,A4. 54510,Missing,S,"['moore', 'mr', 'leonard', 'charles']",[],0,M,0,1,146,7,2
123,0,2,32.5,1,0,30.0708,male,237736,Missing,C,"['nasser', 'mr', 'nicholas']",[],0,M,1,1,146,7,0
124,1,2,32.5,0,0,13.0,female,27267,E101,S,"['webber', 'miss', 'susan']",['E101'],1,E,0,0,116,4,2
125,0,1,54.0,0,1,77.2875,male,35281,D26,S,"['white', 'mr', 'percival', 'wayland']",['D26'],1,D,1,1,98,3,2
126,1,3,12.0,1,0,11.2417,male,2651,Missing,C,"['nicolayarred', 'master', 'elias']",[],0,M,1,1,146,7,0
127,0,3,28.0,0,0,7.75,male,370372,Missing,Q,"['mcmahon', 'mr', 'martin']",[],0,M,0,1,146,7,1
128,1,3,24.0,0,0,7.1417,male,C 17369,Missing,S,"['madsen', 'mr', 'fridtjof', 'arne']",[],0,M,0,1,146,7,2
129,1,3,28.0,1,1,22.3583,female,2668,F E69,C,"['peter', 'miss', 'anna']","['F', 'E69']",2,F,2,0,138,5,0
130,0,3,45.0,0,0,6.975,male,347061,Missing,S,"['ekstrom', 'mr', 'johan']",[],0,M,0,1,146,7,2
131,0,3,33.0,0,0,7.8958,male,349241,Missing,C,"['drazenoic', 'mr', 'jozef']",[],0,M,0,1,146,7,0
132,0,3,20.0,0,0,7.05,male,SOTON/O.Q. 3101307,Missing,S,"['coelho', 'mr', 'domingos', 'fernandeo']",[],0,M,0,1,146,7,2
133,0,3,47.0,1,0,14.5,female,A/5. 3337,Missing,S,"['robins', 'mrs', 'alexander', 'a', 'grace', 'charity', 'laury']",[],0,M,1,0,146,7,2
134,1,2,29.0,1,0,26.0,female,228414,Missing,S,"['weisz', 'mrs', 'leopold', 'mathilde', 'francoise', 'pede']",[],0,M,1,0,146,7,2
135,0,2,25.0,0,0,13.0,male,C.A. 29178,Missing,S,"['sobey', 'mr', 'samuel', 'james', 'hayden']",[],0,M,0,1,146,7,2
136,0,2,23.0,0,0,15.0458,male,SC/PARIS 2133,Missing,C,"['richard', 'mr', 'emile']",[],0,M,0,1,146,7,0
137,1,1,19.0,0,2,26.2833,female,11752,D47,S,"['newsom', 'miss', 'helen', 'monypeny']",['D47'],1,D,2,0,107,3,2
138,0,1,37.0,1,0,53.1,male,113803,C123,S,"['futrelle', 'mr', 'jacques', 'heath']",['C123'],1,C,1,1,55,2,2
139,0,3,16.0,0,0,9.2167,male,7534,Missing,S,"['osen', 'mr', 'olaf', 'elon']",[],0,M,0,1,146,7,2
140,0,1,24.0,0,0,79.2,male,PC 17593,B86,C,"['giglio', 'mr', 'victor']",['B86'],1,B,0,1,45,1,0
141,0,3,28.0,0,2,15.2458,female,2678,Missing,C,"['boulos', 'mrs', 'joseph', 'sultana']",[],0,M,2,0,146,7,0
142,1,3,22.0,0,0,7.75,female,347081,Missing,S,"['nysten', 'miss', 'anna', 'sofia']",[],0,M,0,0,146,7,2
143,1,3,24.0,1,0,15.85,female,STON/O2. 3101279,Missing,S,"['hakkarainen', 'mrs', 'pekka', 'pietari', 'elin', 'matilda', 'dolck']",[],0,M,1,0,146,7,2
144,0,3,19.0,0,0,6.75,male,365222,Missing,Q,"['burke', 'mr', 'jeremiah']",[],0,M,0,1,146,7,1
145,0,2,18.0,0,0,11.5,male,231945,Missing,S,"['andrew', 'mr', 'edgardo', 'samuel']",[],0,M,0,1,146,7,2
146,0,2,19.0,1,1,36.75,male,C.A. 33112,Missing,S,"['nicholls', 'mr', 'joseph', 'charles']",[],0,M,2,1,146,7,2
147,1,3,27.0,0,0,7.7958,male,350043,Missing,S,"['andersson', 'mr', 'august', 'edvard', 'wennerstrom']",[],0,M,0,1,146,7,2
148,0,3,9.0,2,2,34.375,female,W./C. 6608,Missing,S,"['ford', 'miss', 'robina', 'maggie', 'ruby']",[],0,M,4,0,146,7,2
149,0,2,36.5,0,2,26.0,male,230080,F2,S,"['navratil', 'mr', 'michel', 'louis', 'm', 'hoffman']",['F2'],1,F,2,1,141,5,2
150,0,2,42.0,0,0,13.0,male,244310,Missing,S,"['byles', 'rev', 'thomas', 'roussel', 'davids']",[],0,M,0,1,146,7,2
151,0,2,51.0,0,0,12.525,male,S.O.P. 1166,Missing,S,"['bateman', 'rev', 'robert', 'james']",[],0,M,0,1,146,7,2
152,1,1,22.0,1,0,66.6,female,113776,C2,S,"['pears', 'mrs', 'thomas', 'edith', 'wearne']",['C2'],1,C,1,0,61,2,2
153,0,3,55.5,0,0,8.05,male,A.5. 11206,Missing,S,"['meo', 'mr', 'alfonzo']",[],0,M,0,1,146,7,2
154,0,3,40.5,0,2,14.5,male,A/5. 851,Missing,S,"['van', 'billiard', 'mr', 'austin', 'blyler']",[],0,M,2,1,146,7,2
155,0,3,28.0,0,0,7.3125,male,Fa 265302,Missing,S,"['olsen', 'mr', 'ole', 'martin']",[],0,M,0,1,146,7,2
156,0,1,51.0,0,1,61.3792,male,PC 17597,Missing,C,"['williams', 'mr', 'charles', 'duane']",[],0,M,1,1,146,7,0
157,1,3,16.0,0,0,7.7333,female,35851,Missing,Q,"['gilnagh', 'miss', 'katherine', 'katie']",[],0,M,0,0,146,7,1
158,0,3,30.0,0,0,8.05,male,SOTON/OQ 392090,Missing,S,"['corn', 'mr', 'harry']",[],0,M,0,1,146,7,2
159,0,3,28.0,0,0,8.6625,male,315037,Missing,S,"['smiljanic', 'mr', 'mile']",[],0,M,0,1,146,7,2
160,0,3,28.0,8,2,69.55,male,CA. 2343,Missing,S,"['sage', 'master', 'thomas', 'henry']",[],0,M,10,1,146,7,2
161,0,3,44.0,0,1,16.1,male,371362,Missing,S,"['cribb', 'mr', 'john', 'hatfield']",[],0,M,1,1,146,7,2
162,1,2,40.0,0,0,15.75,female,C.A. 33595,Missing,S,"['watt', 'mrs', 'james', 'elizabeth', 'bessie', 'inglis', 'milne']",[],0,M,0,0,146,7,2
163,0,3,26.0,0,0,7.775,male,347068,Missing,S,"['bengtsson', 'mr', 'john', 'viktor']",[],0,M,0,1,146,7,2
164,0,3,17.0,0,0,8.6625,male,315093,Missing,S,"['calic', 'mr', 'jovo']",[],0,M,0,1,146,7,2
165,0,3,1.0,4,1,39.6875,male,3101295,Missing,S,"['panula', 'master', 'eino', 'viljami']",[],0,M,5,1,146,7,2
166,1,3,9.0,0,2,20.525,male,363291,Missing,S,"['goldsmith', 'master', 'frank', 'john', 'william', 'frankie']",[],0,M,2,1,146,7,2
167,1,1,28.0,0,1,55.0,female,113505,E33,S,"['chibnall', 'mrs', 'edith', 'martha', 'bowerman']",['E33'],1,E,1,0,123,4,2
168,0,3,45.0,1,4,27.9,female,347088,Missing,S,"['skoog', 'mrs', 'william', 'anna', 'bernhardina', 'karlsson']",[],0,M,5,0,146,7,2
169,0,1,28.0,0,0,25.925,male,PC 17318,Missing,S,"['baumann', 'mr', 'john', 'd']",[],0,M,0,1,146,7,2
170,0,3,28.0,0,0,56.4958,male,1601,Missing,S,"['ling', 'mr', 'lee']",[],0,M,0,1,146,7,2
171,0,1,61.0,0,0,33.5,male,111240,B19,S,"['van', 'der', 'hoef', 'mr', 'wyckoff']",['B19'],1,B,0,1,18,1,2
172,0,3,4.0,4,1,29.125,male,382652,Missing,Q,"['rice', 'master', 'arthur']",[],0,M,5,1,146,7,1
173,1,3,1.0,1,1,11.1333,female,347742,Missing,S,"['johnson', 'miss', 'eleanor', 'ileen']",[],0,M,2,0,146,7,2
174,0,3,21.0,0,0,7.925,male,STON/O 2. 3101280,Missing,S,"['sivola', 'mr', 'antti', 'wilhelm']",[],0,M,0,1,146,7,2
175,0,1,56.0,0,0,30.6958,male,17764,A7,C,"['smith', 'mr', 'james', 'clinch']",['A7'],1,A,0,1,14,0,0
176,0,3,18.0,1,1,7.8542,male,350404,Missing,S,"['klasen', 'mr', 'klas', 'albin']",[],0,M,2,1,146,7,2
177,0,3,28.0,3,1,25.4667,male,4133,Missing,S,"['lefebre', 'master', 'henry', 'forbes']",[],0,M,4,1,146,7,2
178,0,1,50.0,0,0,28.7125,female,PC 17595,C49,C,"['isham', 'miss', 'ann', 'elizabeth']",['C49'],1,C,0,0,69,2,0
179,0,2,30.0,0,0,13.0,male,250653,Missing,S,"['hale', 'mr', 'reginald']",[],0,M,0,1,146,7,2
180,0,3,36.0,0,0,0.0,male,LINE,Missing,S,"['leonard', 'mr', 'lionel']",[],0,M,0,1,146,7,2
181,0,3,28.0,8,2,69.55,female,CA. 2343,Missing,S,"['sage', 'miss', 'constance', 'gladys']",[],0,M,10,0,146,7,2
182,0,2,28.0,0,0,15.05,male,SC/PARIS 2131,Missing,C,"['pernot', 'mr', 'rene']",[],0,M,0,1,146,7,0
183,0,3,9.0,4,2,31.3875,male,347077,Missing,S,"['asplund', 'master', 'clarence', 'gustaf', 'hugo']",[],0,M,6,1,146,7,2
184,1,2,1.0,2,1,39.0,male,230136,F4,S,"['becker', 'master', 'richard', 'f']",['F4'],1,F,3,1,144,5,2
185,1,3,4.0,0,2,22.025,female,315153,Missing,S,"['kinkheilmann', 'miss', 'luise', 'gretchen']",[],0,M,2,0,146,7,2
186,0,1,28.0,0,0,50.0,male,113767,A32,S,"['rood', 'mr', 'hugh', 'roscoe']",['A32'],1,A,0,1,9,0,2
187,1,3,28.0,1,0,15.5,female,370365,Missing,Q,"['obrien', 'mrs', 'thomas', 'johanna', 'hannah', 'godfrey']",[],0,M,1,0,146,7,1
188,1,1,45.0,0,0,26.55,male,111428,Missing,S,"['romaine', 'mr', 'charles', 'hallace', 'mr', 'c', 'rolmane']",[],0,M,0,1,146,7,2
189,0,3,40.0,1,1,15.5,male,364849,Missing,Q,"['bourke', 'mr', 'john']",[],0,M,2,1,146,7,1
190,0,3,36.0,0,0,7.8958,male,349247,Missing,S,"['turcin', 'mr', 'stjepan']",[],0,M,0,1,146,7,2
191,1,2,32.0,0,0,13.0,female,234604,Missing,S,"['pinsky', 'mrs', 'rosa']",[],0,M,0,0,146,7,2
192,0,2,19.0,0,0,13.0,male,28424,Missing,S,"['carbines', 'mr', 'william']",[],0,M,0,1,146,7,2
193,1,3,19.0,1,0,7.8542,female,350046,Missing,S,"['andersenjensen', 'miss', 'carla', 'christine', 'nielsine']",[],0,M,1,0,146,7,2
194,1,2,3.0,1,1,26.0,male,230080,F2,S,"['navratil', 'master', 'michel', 'm']",['F2'],1,F,2,1,141,5,2
195,1,1,44.0,0,0,27.7208,female,PC 17610,B4,C,"['brown', 'mrs', 'james', 'joseph', 'margaret', 'tobin']",['B4'],1,B,0,0,28,1,0
196,1,1,58.0,0,0,146.5208,female,PC 17569,B80,C,"['lurette', 'miss', 'elise']",['B80'],1,B,0,0,43,1,0
197,0,3,28.0,0,0,7.75,male,368703,Missing,Q,"['mernagh', 'mr', 'robert']",[],0,M,0,1,146,7,1
198,0,3,42.0,0,1,8.4042,male,4579,Missing,S,"['olsen', 'mr', 'karl', 'siegwart', 'andreas']",[],0,M,1,1,146,7,2
199,1,3,28.0,0,0,7.75,female,370370,Missing,Q,"['madigan', 'miss', 'margaret', 'maggie']",[],0,M,0,0,146,7,1
200,0,2,24.0,0,0,13.0,female,248747,Missing,S,"['yrois', 'miss', 'henriette', 'mrs', 'harbeck']",[],0,M,0,0,146,7,2
201,0,3,28.0,0,0,9.5,male,345770,Missing,S,"['vande', 'walle', 'mr', 'nestor', 'cyriel']",[],0,M,0,1,146,7,2
202,0,3,28.0,8,2,69.55,male,CA. 2343,Missing,S,"['sage', 'mr', 'frederick']",[],0,M,10,1,146,7,2
203,0,3,34.0,0,0,6.4958,male,3101264,Missing,S,"['johanson', 'mr', 'jakob', 'alfred']",[],0,M,0,1,146,7,2
204,0,3,45.5,0,0,7.225,male,2628,Missing,C,"['youseff', 'mr', 'gerious']",[],0,M,0,1,146,7,0
205,1,3,18.0,0,0,8.05,male,A/5 3540,Missing,S,"['cohen', 'mr', 'gurshon', 'gus']",[],0,M,0,1,146,7,2
206,0,3,2.0,0,1,10.4625,female,347054,G6,S,"['strom', 'miss', 'telma', 'matilda']",['G6'],1,G,1,0,145,6,2
207,0,3,32.0,1,0,15.85,male,3101278,Missing,S,"['backstrom', 'mr', 'karl', 'alfred']",[],0,M,1,1,146,7,2
208,1,3,26.0,0,0,18.7875,male,2699,Missing,C,"['albimona', 'mr', 'nassef', 'cassem']",[],0,M,0,1,146,7,0
209,1,3,16.0,0,0,7.75,female,367231,Missing,Q,"['carr', 'miss', 'helen', 'ellen']",[],0,M,0,0,146,7,1
210,1,1,40.0,0,0,31.0,male,112277,A31,C,"['blank', 'mr', 'henry']",['A31'],1,A,0,1,8,0,0
211,0,3,24.0,0,0,7.05,male,SOTON/O.Q. 3101311,Missing,S,"['ali', 'mr', 'ahmed']",[],0,M,0,1,146,7,2
212,1,2,35.0,0,0,21.0,female,F.C.C. 13528,Missing,S,"['cameron', 'miss', 'clear', 'annie']",[],0,M,0,0,146,7,2
213,0,3,22.0,0,0,7.25,male,A/5 21174,Missing,S,"['perkin', 'mr', 'john', 'henry']",[],0,M,0,1,146,7,2
214,0,2,30.0,0,0,13.0,male,250646,Missing,S,"['givard', 'mr', 'hans', 'kristensen']",[],0,M,0,1,146,7,2
215,0,3,28.0,1,0,7.75,male,367229,Missing,Q,"['kiernan', 'mr', 'philip']",[],0,M,1,1,146,7,1
216,1,1,31.0,1,0,113.275,female,35273,D36,C,"['newell', 'miss', 'madeleine']",['D36'],1,D,1,0,103,3,0
217,1,3,27.0,0,0,7.925,female,STON/O2. 3101283,Missing,S,"['honkanen', 'miss', 'eliina']",[],0,M,0,0,146,7,2
218,0,2,42.0,1,0,27.0,male,243847,Missing,S,"['jacobsohn', 'mr', 'sidney', 'samuel']",[],0,M,1,1,146,7,2
219,1,1,32.0,0,0,76.2917,female,11813,D15,C,"['bazzani', 'miss', 'albina']",['D15'],1,D,0,0,93,3,0
220,0,2,30.0,0,0,10.5,male,W/C 14208,Missing,S,"['harris', 'mr', 'walter']",[],0,M,0,1,146,7,2
221,1,3,16.0,0,0,8.05,male,SOTON/OQ 392089,Missing,S,"['sunderland', 'mr', 'victor', 'francis']",[],0,M,0,1,146,7,2
222,0,2,27.0,0,0,13.0,male,220367,Missing,S,"['bracken', 'mr', 'james', 'h']",[],0,M,0,1,146,7,2
223,0,3,51.0,0,0,8.05,male,21440,Missing,S,"['green', 'mr', 'george', 'henry']",[],0,M,0,1,146,7,2
224,0,3,28.0,0,0,7.8958,male,349234,Missing,S,"['nenkoff', 'mr', 'christo']",[],0,M,0,1,146,7,2
225,1,1,38.0,1,0,90.0,male,19943,C93,S,"['hoyt', 'mr', 'frederick', 'maxfield']",['C93'],1,C,1,1,87,2,2
226,0,3,22.0,0,0,9.35,male,PP 4348,Missing,S,"['berglund', 'mr', 'karl', 'ivar', 'sven']",[],0,M,0,1,146,7,2
227,1,2,19.0,0,0,10.5,male,SW/PP 751,Missing,S,"['mellors', 'mr', 'william', 'john']",[],0,M,0,1,146,7,2
228,0,3,20.5,0,0,7.25,male,A/5 21173,Missing,S,"['lovell', 'mr', 'john', 'hall', 'henry']",[],0,M,0,1,146,7,2
229,0,2,18.0,0,0,13.0,male,236171,Missing,S,"['fahlstrom', 'mr', 'arne', 'jonas']",[],0,M,0,1,146,7,2
230,0,3,28.0,3,1,25.4667,female,4133,Missing,S,"['lefebre', 'miss', 'mathilde']",[],0,M,4,0,146,7,2
231,1,1,35.0,1,0,83.475,female,36973,C83,S,"['harris', 'mrs', 'henry', 'birkhardt', 'irene', 'wallach']",['C83'],1,C,1,0,80,2,2
232,0,3,29.0,0,0,7.775,male,347067,Missing,S,"['larsson', 'mr', 'bengt', 'edvin']",[],0,M,0,1,146,7,2
233,0,2,59.0,0,0,13.5,male,237442,Missing,S,"['sjostedt', 'mr', 'ernst', 'adolf']",[],0,M,0,1,146,7,2
234,1,3,5.0,4,2,31.3875,female,347077,Missing,S,"['asplund', 'miss', 'lillian', 'gertrud']",[],0,M,6,0,146,7,2
235,0,2,24.0,0,0,10.5,male,C.A. 29566,Missing,S,"['leyson', 'mr', 'robert', 'william', 'norman']",[],0,M,0,1,146,7,2
236,0,3,28.0,0,0,7.55,female,W./C. 6609,Missing,S,"['harknett', 'miss', 'alice', 'phoebe']",[],0,M,0,0,146,7,2
237,0,2,44.0,1,0,26.0,male,26707,Missing,S,"['hold', 'mr', 'stephen']",[],0,M,1,1,146,7,2
238,1,2,8.0,0,2,26.25,female,C.A. 31921,Missing,S,"['collyer', 'miss', 'marjorie', 'lottie']",[],0,M,2,0,146,7,2
239,0,2,19.0,0,0,10.5,male,28665,Missing,S,"['pengelly', 'mr', 'frederick', 'william']",[],0,M,0,1,146,7,2
240,0,2,33.0,0,0,12.275,male,SCO/W 1585,Missing,S,"['hunt', 'mr', 'george', 'henry']",[],0,M,0,1,146,7,2
241,0,3,28.0,1,0,14.4542,female,2665,Missing,C,"['zabour', 'miss', 'thamine']",[],0,M,1,0,146,7,0
242,1,3,28.0,1,0,15.5,female,367230,Missing,Q,"['murphy', 'miss', 'katherine', 'kate']",[],0,M,1,0,146,7,1
243,0,2,29.0,0,0,10.5,male,W./C. 14263,Missing,S,"['coleridge', 'mr', 'reginald', 'charles']",[],0,M,0,1,146,7,2
244,0,3,22.0,0,0,7.125,male,STON/O 2. 3101275,Missing,S,"['maenpaa', 'mr', 'matti', 'alexanteri']",[],0,M,0,1,146,7,2
245,0,3,30.0,0,0,7.225,male,2694,Missing,C,"['attalah', 'mr', 'sleiman']",[],0,M,0,1,146,7,0
246,0,1,44.0,2,0,90.0,male,19928,C78,Q,"['minahan', 'dr', 'william', 'edward']",['C78'],1,C,2,1,78,2,1
247,0,3,25.0,0,0,7.775,female,347071,Missing,S,"['lindahl', 'miss', 'agda', 'thorilda', 'viktoria']",[],0,M,0,0,146,7,2
248,1,2,24.0,0,2,14.5,female,250649,Missing,S,"['hamalainen', 'mrs', 'william', 'anna']",[],0,M,2,0,146,7,2
249,1,1,37.0,1,1,52.5542,male,11751,D35,S,"['beckwith', 'mr', 'richard', 'leonard']",['D35'],1,D,2,1,102,3,2
250,0,2,54.0,1,0,26.0,male,244252,Missing,S,"['carter', 'rev', 'ernest', 'courtenay']",[],0,M,1,1,146,7,2
251,0,3,28.0,0,0,7.25,male,362316,Missing,S,"['reed', 'mr', 'james', 'george']",[],0,M,0,1,146,7,2
252,0,3,29.0,1,1,10.4625,female,347054,G6,S,"['strom', 'mrs', 'wilhelm', 'elna', 'matilda', 'persson']",['G6'],1,G,2,0,145,6,2
253,0,1,62.0,0,0,26.55,male,113514,C87,S,"['stead', 'mr', 'william', 'thomas']",['C87'],1,C,0,1,83,2,2
254,0,3,30.0,1,0,16.1,male,A/5. 3336,Missing,S,"['lobb', 'mr', 'william', 'arthur']",[],0,M,1,1,146,7,2
255,0,3,41.0,0,2,20.2125,female,370129,Missing,S,"['rosblom', 'mrs', 'viktor', 'helena', 'wilhelmina']",[],0,M,2,0,146,7,2
256,1,3,29.0,0,2,15.2458,female,2650,Missing,C,"['touma', 'mrs', 'darwis', 'hanne', 'youssef', 'razi']",[],0,M,2,0,146,7,0
257,1,1,28.0,0,0,79.2,female,PC 17585,Missing,C,"['thorne', 'mrs', 'gertrude', 'maybelle']",[],0,M,0,0,146,7,0
258,1,1,30.0,0,0,86.5,female,110152,B77,S,"['cherry', 'miss', 'gladys']",['B77'],1,B,0,0,40,1,2
259,1,1,35.0,0,0,512.3292,female,PC 17755,Missing,C,"['ward', 'miss', 'anna']",[],0,M,0,0,146,7,0
260,1,2,50.0,0,1,26.0,female,230433,Missing,S,"['parrish', 'mrs', 'lutie', 'davis']",[],0,M,1,0,146,7,2
261,0,3,28.0,0,0,7.75,male,384461,Missing,Q,"['smith', 'mr', 'thomas']",[],0,M,0,1,146,7,1
262,1,3,3.0,4,2,31.3875,male,347077,Missing,S,"['asplund', 'master', 'edvin', 'rojj', 'felix']",[],0,M,6,1,146,7,2
263,0,1,52.0,1,1,79.65,male,110413,E67,S,"['taussig', 'mr', 'emil']",['E67'],1,E,2,1,134,4,2
264,0,1,40.0,0,0,0.0,male,112059,B94,S,"['harrison', 'mr', 'william']",['B94'],1,B,0,1,46,1,2
265,0,3,28.0,0,0,7.75,female,382649,Missing,Q,"['henry', 'miss', 'delia']",[],0,M,0,0,146,7,1
266,0,2,36.0,0,0,10.5,male,C.A. 17248,Missing,S,"['reeves', 'mr', 'david']",[],0,M,0,1,146,7,2
267,0,3,16.0,4,1,39.6875,male,3101295,Missing,S,"['panula', 'mr', 'ernesti', 'arvid']",[],0,M,5,1,146,7,2
268,1,3,25.0,1,0,7.775,male,347083,Missing,S,"['persson', 'mr', 'ernst', 'ulrik']",[],0,M,1,1,146,7,2
269,1,1,58.0,0,1,153.4625,female,PC 17582,C125,S,"['graham', 'mrs', 'william', 'thompson', 'edith', 'junkins']",['C125'],1,C,1,0,57,2,2
270,1,1,35.0,0,0,135.6333,female,PC 17760,C99,S,"['bissette', 'miss', 'amelia']",['C99'],1,C,0,0,89,2,2
271,0,1,28.0,0,0,31.0,male,113798,Missing,S,"['cairns', 'mr', 'alexander']",[],0,M,0,1,146,7,2
272,1,3,25.0,0,0,0.0,male,LINE,Missing,S,"['tornquist', 'mr', 'william', 'henry']",[],0,M,0,1,146,7,2
273,1,2,41.0,0,1,19.5,female,250644,Missing,S,"['mellinger', 'mrs', 'elizabeth', 'anne', 'maidment']",[],0,M,1,0,146,7,2
274,0,1,37.0,0,1,29.7,male,PC 17596,C118,C,"['natsch', 'mr', 'charles', 'h']",['C118'],1,C,1,1,54,2,0
275,1,3,28.0,0,0,7.75,female,370375,Missing,Q,"['healy', 'miss', 'hanora', 'nora']",[],0,M,0,0,146,7,1
276,1,1,63.0,1,0,77.9583,female,13502,D7,S,"['andrews', 'miss', 'kornelia', 'theodosia']",['D7'],1,D,1,0,113,3,2
277,0,3,45.0,0,0,7.75,female,347073,Missing,S,"['lindblom', 'miss', 'augusta', 'charlotta']",[],0,M,0,0,146,7,2
278,0,2,28.0,0,0,0.0,male,239853,Missing,S,"['parkes', 'mr', 'francis', 'frank']",[],0,M,0,1,146,7,2
279,0,3,7.0,4,1,29.125,male,382652,Missing,Q,"['rice', 'master', 'eric']",[],0,M,5,1,146,7,1
280,1,3,35.0,1,1,20.25,female,C.A. 2673,Missing,S,"['abbott', 'mrs', 'stanton', 'rosa', 'hunt']",[],0,M,2,0,146,7,2
281,0,3,65.0,0,0,7.75,male,336439,Missing,Q,"['duane', 'mr', 'frank']",[],0,M,0,1,146,7,1
282,0,3,28.0,0,0,7.8542,male,347464,Missing,S,"['olsson', 'mr', 'nils', 'johan', 'goransson']",[],0,M,0,1,146,7,2
283,0,3,16.0,0,0,9.5,male,345778,Missing,S,"['de', 'pelsmaeker', 'mr', 'alfons']",[],0,M,0,1,146,7,2
284,1,3,19.0,0,0,8.05,male,A/5. 10482,Missing,S,"['dorking', 'mr', 'edward', 'arthur']",[],0,M,0,1,146,7,2
285,0,1,28.0,0,0,26.0,male,113056,A19,S,"['smith', 'mr', 'richard', 'william']",['A19'],1,A,0,1,3,0,2
286,0,3,33.0,0,0,8.6625,male,349239,Missing,C,"['stankovic', 'mr', 'ivan']",[],0,M,0,1,146,7,0
287,1,3,30.0,0,0,9.5,male,345774,Missing,S,"['de', 'mulder', 'mr', 'theodore']",[],0,M,0,1,146,7,2
288,0,3,22.0,0,0,7.8958,male,349206,Missing,S,"['naidenoff', 'mr', 'penko']",[],0,M,0,1,146,7,2
289,1,2,42.0,0,0,13.0,male,237798,Missing,S,"['hosono', 'mr', 'masabumi']",[],0,M,0,1,146,7,2
290,1,3,22.0,0,0,7.75,female,370373,Missing,Q,"['connolly', 'miss', 'kate']",[],0,M,0,0,146,7,1
291,1,1,26.0,0,0,78.85,female,19877,Missing,S,"['barber', 'miss', 'ellen', 'nellie']",[],0,M,0,0,146,7,2
292,1,1,19.0,1,0,91.0792,female,11967,B49,C,"['bishop', 'mrs', 'dickinson', 'h', 'helen', 'walton']",['B49'],1,B,1,0,31,1,0
293,0,2,36.0,0,0,12.875,male,SC/Paris 2163,D,C,"['levy', 'mr', 'rene', 'jacques']",['D'],1,D,0,1,90,3,0
294,0,3,24.0,0,0,8.85,female,349236,Missing,S,"['haas', 'miss', 'aloisia']",[],0,M,0,0,146,7,2
295,0,3,24.0,0,0,7.8958,male,349233,Missing,S,"['mineff', 'mr', 'ivan']",[],0,M,0,1,146,7,2
296,0,1,28.0,0,0,27.7208,male,PC 17612,Missing,C,"['lewy', 'mr', 'ervin', 'g']",[],0,M,0,1,146,7,0
297,0,3,23.5,0,0,7.2292,male,2693,Missing,C,"['hanna', 'mr', 'mansour']",[],0,M,0,1,146,7,0
298,0,1,2.0,1,2,151.55,female,113781,C22 C26,S,"['allison', 'miss', 'helen', 'loraine']","['C22', 'C26']",2,C,3,0,62,2,2
299,1,1,28.0,0,0,30.5,male,19988,C106,S,"['saalfeld', 'mr', 'adolphe']",['C106'],1,C,0,1,51,2,2
300,1,1,50.0,0,1,247.5208,female,PC 17558,B58 B60,C,"['baxter', 'mrs', 'james', 'helene', 'delaudeniere', 'chaput']","['B58', 'B60']",2,B,1,0,36,1,0
301,1,3,28.0,0,0,7.75,female,9234,Missing,Q,"['kelly', 'miss', 'anna', 'katherine', 'annie', 'kate']",[],0,M,0,0,146,7,1
302,1,3,28.0,2,0,23.25,male,367226,Missing,Q,"['mccoy', 'mr', 'bernard']",[],0,M,2,1,146,7,1
303,0,3,19.0,0,0,0.0,male,LINE,Missing,S,"['johnson', 'mr', 'william', 'cahoone', 'jr']",[],0,M,0,1,146,7,2
304,1,2,28.0,0,0,12.35,female,226593,E101,Q,"['keane', 'miss', 'nora', 'a']",['E101'],1,E,0,0,116,4,1
305,0,3,28.0,0,0,8.05,male,A/5 2466,Missing,S,"['williams', 'mr', 'howard', 'hugh', 'harry']",[],0,M,0,1,146,7,2
306,1,1,0.92,1,2,151.55,male,113781,C22 C26,S,"['allison', 'master', 'hudson', 'trevor']","['C22', 'C26']",2,C,3,1,62,2,2
307,1,1,28.0,0,0,110.8833,female,17421,Missing,C,"['fleming', 'miss', 'margaret']",[],0,M,0,0,146,7,0
308,1,1,17.0,1,0,108.9,female,PC 17758,C65,C,"['penasco', 'y', 'castellana', 'mrs', 'victor', 'de', 'satode', 'maria', 'josefa', 'perez', 'de', 'soto', 'y', 'vallejo']",['C65'],1,C,1,0,74,2,0
309,0,2,30.0,1,0,24.0,male,P/PP 3381,Missing,C,"['abelson', 'mr', 'samuel']",[],0,M,1,1,146,7,0
310,1,1,30.0,0,0,56.9292,female,PC 17485,E36,C,"['francatelli', 'miss', 'laura', 'mabel']",['E36'],1,E,0,0,125,4,0
311,1,1,24.0,0,0,83.1583,female,11767,C54,C,"['hays', 'miss', 'margaret', 'bechstein']",['C54'],1,C,0,0,72,2,0
312,1,1,18.0,2,2,262.375,female,PC 17608,B57 B59 B63 B66,C,"['ryerson', 'miss', 'emily', 'borie']","['B57', 'B59', 'B63', 'B66']",4,B,4,0,35,1,0
313,0,2,26.0,1,1,26.0,female,250651,Missing,S,"['lahtinen', 'mrs', 'william', 'anna', 'sylfven']",[],0,M,2,0,146,7,2
314,0,3,28.0,0,0,7.8958,male,349243,Missing,S,"['hendekovic', 'mr', 'ignjac']",[],0,M,0,1,146,7,2
315,0,2,43.0,1,1,26.25,male,F.C.C. 13529,Missing,S,"['hart', 'mr', 'benjamin']",[],0,M,2,1,146,7,2
316,1,3,26.0,0,0,7.8542,female,347470,Missing,S,"['nilsson', 'miss', 'helmina', 'josefina']",[],0,M,0,0,146,7,2
317,1,2,24.0,1,0,26.0,female,244367,Missing,S,"['kantor', 'mrs', 'sinai', 'miriam', 'sternin']",[],0,M,1,0,146,7,2
318,0,2,54.0,0,0,14.0,male,29011,Missing,S,"['moraweck', 'dr', 'ernest']",[],0,M,0,1,146,7,2
319,1,1,31.0,0,2,164.8667,female,36928,C7,S,"['wick', 'miss', 'mary', 'natalie']",['C7'],1,C,2,0,76,2,2
320,1,1,40.0,1,1,134.5,female,16966,E34,C,"['spedden', 'mrs', 'frederic', 'oakley', 'margaretta', 'corning', 'stone']",['E34'],1,E,2,0,124,4,0
321,0,3,22.0,0,0,7.25,male,A/5 21172,Missing,S,"['dennis', 'mr', 'samuel']",[],0,M,0,1,146,7,2
322,0,3,27.0,0,0,7.8958,male,349219,Missing,S,"['danoff', 'mr', 'yoto']",[],0,M,0,1,146,7,2
323,1,2,30.0,0,0,12.35,female,234818,Missing,Q,"['slayter', 'miss', 'hilda', 'mary']",[],0,M,0,0,146,7,1
324,1,2,22.0,1,1,29.0,female,248738,Missing,S,"['caldwell', 'mrs', 'albert', 'francis', 'sylvia', 'mae', 'harbaugh']",[],0,M,2,0,146,7,2
325,0,3,28.0,8,2,69.55,male,CA. 2343,Missing,S,"['sage', 'mr', 'george', 'john', 'jr']",[],0,M,10,1,146,7,2
326,1,1,36.0,0,0,135.6333,female,PC 17760,C32,C,"['young', 'miss', 'marie', 'grice']",['C32'],1,C,0,0,65,2,0
327,0,3,61.0,0,0,6.2375,male,345364,Missing,S,"['nysveen', 'mr', 'johan', 'hansen']",[],0,M,0,1,146,7,2
328,1,2,36.0,0,0,13.0,female,28551,D,S,"['ball', 'mrs', 'ada', 'e', 'hall']",['D'],1,D,0,0,90,3,2
329,1,3,31.0,1,1,20.525,female,363291,Missing,S,"['goldsmith', 'mrs', 'frank', 'john', 'emily', 'alice', 'brown']",[],0,M,2,0,146,7,2
330,1,1,16.0,0,1,57.9792,female,111361,B18,C,"['hippach', 'miss', 'jean', 'gertrude']",['B18'],1,B,1,0,17,1,0
331,1,3,28.0,2,0,23.25,female,367226,Missing,Q,"['mccoy', 'miss', 'agnes']",[],0,M,2,0,146,7,1
332,0,1,45.5,0,0,28.5,male,113043,C124,S,"['partner', 'mr', 'austen']",['C124'],1,C,0,1,56,2,2
333,0,1,38.0,0,1,153.4625,male,PC 17582,C91,S,"['graham', 'mr', 'george', 'edward']",['C91'],1,C,1,1,85,2,2
334,0,3,16.0,2,0,18.0,male,345764,Missing,S,"['vander', 'planke', 'mr', 'leo', 'edmondus']",[],0,M,2,1,146,7,2
335,1,1,28.0,1,0,133.65,female,PC 17611,Missing,S,"['frauenthal', 'mrs', 'henry', 'william', 'clara', 'heinsheimer']",[],0,M,1,0,146,7,2
336,0,3,28.0,0,0,7.8958,male,349225,Missing,S,"['denkoff', 'mr', 'mitto']",[],0,M,0,1,146,7,2
337,0,1,29.0,1,0,66.6,male,113776,C2,S,"['pears', 'mr', 'thomas', 'clinton']",['C2'],1,C,1,1,61,2,2
338,1,1,41.0,0,0,134.5,female,16966,E40,C,"['burns', 'miss', 'elizabeth', 'margaret']",['E40'],1,E,0,0,127,4,0
339,1,3,45.0,0,0,8.05,male,7598,Missing,S,"['dahl', 'mr', 'karl', 'edwart']",[],0,M,0,1,146,7,2
340,0,1,45.0,0,0,35.5,male,113784,T,S,"['blackwell', 'mr', 'stephen', 'weart']",['T'],1,T,0,1,147,8,2
341,1,2,2.0,1,1,26.0,male,230080,F2,S,"['navratil', 'master', 'edmond', 'roger']",['F2'],1,F,2,1,141,5,2
342,1,1,24.0,3,2,263.0,female,19950,C23 C25 C27,S,"['fortune', 'miss', 'alice', 'elizabeth']","['C23', 'C25', 'C27']",3,C,5,0,63,2,2
343,0,2,28.0,0,0,13.0,male,248740,Missing,S,"['collander', 'mr', 'erik', 'gustaf']",[],0,M,0,1,146,7,2
344,0,2,25.0,0,0,13.0,male,244361,Missing,S,"['sedgwick', 'mr', 'charles', 'frederick', 'waddington']",[],0,M,0,1,146,7,2
345,0,2,36.0,0,0,13.0,male,229236,Missing,S,"['fox', 'mr', 'stanley', 'hubert']",[],0,M,0,1,146,7,2
346,1,2,24.0,0,0,13.0,female,248733,F33,S,"['brown', 'miss', 'amelia', 'mildred']",['F33'],1,F,0,0,142,5,2
347,1,2,40.0,0,0,13.0,female,31418,Missing,S,"['smith', 'miss', 'marion', 'elsie']",[],0,M,0,0,146,7,2
348,1,3,28.0,1,0,16.1,female,386525,Missing,S,"['davison', 'mrs', 'thomas', 'henry', 'mary', 'e', 'finck']",[],0,M,1,0,146,7,2
349,1,3,3.0,1,1,15.9,male,C.A. 37671,Missing,S,"['coutts', 'master', 'william', 'loch', 'william']",[],0,M,2,1,146,7,2
350,0,3,42.0,0,0,8.6625,male,315088,Missing,S,"['dimic', 'mr', 'jovan']",[],0,M,0,1,146,7,2
351,0,3,23.0,0,0,9.225,male,7267,Missing,S,"['odahl', 'mr', 'nils', 'martin']",[],0,M,0,1,146,7,2
352,0,1,28.0,0,0,35.0,male,113510,C128,S,"['williamslambert', 'mr', 'fletcher', 'fellows']",['C128'],1,C,0,1,59,2,2
353,0,3,15.0,1,1,7.2292,male,2695,Missing,C,"['elias', 'mr', 'tannous']",[],0,M,2,1,146,7,0
354,0,3,25.0,1,0,17.8,male,349237,Missing,S,"['arnoldfranchi', 'mr', 'josef']",[],0,M,1,1,146,7,2
355,0,3,28.0,0,0,7.225,male,2647,Missing,C,"['yousif', 'mr', 'wazli']",[],0,M,0,1,146,7,0
356,0,3,28.0,0,0,9.5,male,345783,Missing,S,"['vanden', 'steen', 'mr', 'leo', 'peter']",[],0,M,0,1,146,7,2
357,1,1,22.0,0,1,55.0,female,113505,E33,S,"['bowerman', 'miss', 'elsie', 'edith']",['E33'],1,E,1,0,123,4,2
358,0,2,38.0,0,0,13.0,female,237671,Missing,S,"['funk', 'miss', 'annie', 'clemmer']",[],0,M,0,0,146,7,2
359,1,3,28.0,0,0,7.8792,female,330931,Missing,Q,"['mcgovern', 'miss', 'mary']",[],0,M,0,0,146,7,1
360,1,3,28.0,0,0,7.8792,female,330980,Missing,Q,"['mockler', 'miss', 'helen', 'mary', 'ellie']",[],0,M,0,0,146,7,1
361,0,3,40.0,1,4,27.9,male,347088,Missing,S,"['skoog', 'mr', 'wilhelm']",[],0,M,5,1,146,7,2
362,0,2,29.0,1,0,27.7208,male,SC/PARIS 2167,Missing,C,"['del', 'carlo', 'mr', 'sebastiano']",[],0,M,1,1,146,7,0
363,0,3,45.0,0,1,14.4542,female,2691,Missing,C,"['barbara', 'mrs', 'catherine', 'david']",[],0,M,1,0,146,7,0
364,0,3,35.0,0,0,7.05,male,SOTON/O.Q. 3101310,Missing,S,"['asim', 'mr', 'adola']",[],0,M,0,1,146,7,2
365,0,3,28.0,1,0,15.5,male,370365,Missing,Q,"['obrien', 'mr', 'thomas']",[],0,M,1,1,146,7,1
366,0,3,30.0,0,0,7.25,male,C 7076,Missing,S,"['adahl', 'mr', 'mauritz', 'nils', 'martin']",[],0,M,0,1,146,7,2
367,1,1,60.0,1,0,75.25,female,110813,D37,C,"['warren', 'mrs', 'frank', 'manley', 'anna', 'sophia', 'atkinson']",['D37'],1,D,1,0,104,3,0
368,1,3,28.0,0,0,7.2292,female,2626,Missing,C,"['moussa', 'mrs', 'mantoura', 'boulos']",[],0,M,0,0,146,7,0
369,1,3,28.0,0,0,7.75,female,14313,Missing,Q,"['jermyn', 'miss', 'annie']",[],0,M,0,0,146,7,1
370,1,1,24.0,0,0,69.3,female,PC 17477,B35,C,"['aubart', 'mme', 'leontine', 'pauline']",['B35'],1,B,0,0,24,1,0
371,1,1,25.0,1,0,55.4417,male,11765,E50,C,"['harder', 'mr', 'george', 'achilles']",['E50'],1,E,1,1,131,4,0
372,0,3,18.0,1,0,6.4958,male,3101267,Missing,S,"['wiklund', 'mr', 'jakob', 'alfred']",[],0,M,1,1,146,7,2
373,0,3,19.0,0,0,8.05,male,323951,Missing,S,"['beavan', 'mr', 'william', 'thomas']",[],0,M,0,1,146,7,2
374,0,1,22.0,0,0,135.6333,male,PC 17760,Missing,C,"['ringhini', 'mr', 'sante']",[],0,M,0,1,146,7,0
375,0,3,3.0,3,1,21.075,female,349909,Missing,S,"['palsson', 'miss', 'stina', 'viola']",[],0,M,4,0,146,7,2
376,1,1,28.0,1,0,82.1708,female,PC 17604,Missing,C,"['meyer', 'mrs', 'edgar', 'joseph', 'leila', 'saks']",[],0,M,1,0,146,7,0
377,1,3,22.0,0,0,7.25,female,C 7077,Missing,S,"['landergren', 'miss', 'aurora', 'adelia']",[],0,M,0,0,146,7,2
378,0,1,27.0,0,2,211.5,male,113503,C82,C,"['widener', 'mr', 'harry', 'elkins']",['C82'],1,C,2,1,79,2,0
379,0,3,20.0,0,0,4.0125,male,2648,Missing,C,"['betros', 'mr', 'tannous']",[],0,M,0,1,146,7,0
380,0,3,19.0,0,0,7.775,male,347069,Missing,S,"['gustafsson', 'mr', 'karl', 'gideon']",[],0,M,0,1,146,7,2
381,1,1,42.0,0,0,227.525,female,PC 17757,Missing,C,"['bidois', 'miss', 'rosalie']",[],0,M,0,0,146,7,0
382,1,3,1.0,0,2,15.7417,female,2653,Missing,C,"['nakid', 'miss', 'maria', 'mary']",[],0,M,2,0,146,7,0
383,0,3,32.0,0,0,7.925,male,STON/O 2. 3101293,Missing,S,"['tikkanen', 'mr', 'juho']",[],0,M,0,1,146,7,2
384,1,1,35.0,1,0,52.0,female,113789,Missing,S,"['holverson', 'mrs', 'alexander', 'oskar', 'mary', 'aline', 'towner']",[],0,M,1,0,146,7,2
385,0,3,28.0,0,0,7.8958,male,349227,Missing,S,"['plotcharsky', 'mr', 'vasil']",[],0,M,0,1,146,7,2
386,0,2,18.0,0,0,73.5,male,S.O.C. 14879,Missing,S,"['davies', 'mr', 'charles', 'henry']",[],0,M,0,1,146,7,2
387,0,3,1.0,5,2,46.9,male,CA 2144,Missing,S,"['goodwin', 'master', 'sidney', 'leonard']",[],0,M,7,1,146,7,2
388,1,2,36.0,0,0,13.0,female,27849,Missing,S,"['buss', 'miss', 'kate']",[],0,M,0,0,146,7,2
389,0,3,28.0,0,0,7.7292,male,367655,Missing,Q,"['sadlier', 'mr', 'matthew']",[],0,M,0,1,146,7,1
390,1,2,17.0,0,0,12.0,female,SC 1748,Missing,C,"['lehmann', 'miss', 'bertha']",[],0,M,0,0,146,7,0
391,1,1,36.0,1,2,120.0,male,113760,B96 B98,S,"['carter', 'mr', 'william', 'ernest']","['B96', 'B98']",2,B,3,1,47,1,2
392,1,3,21.0,0,0,7.7958,male,350034,Missing,S,"['jansson', 'mr', 'carl', 'olof']",[],0,M,0,1,146,7,2
393,0,3,28.0,2,0,7.925,male,3101277,Missing,S,"['gustafsson', 'mr', 'johan', 'birger']",[],0,M,2,1,146,7,2
394,1,1,23.0,1,0,113.275,female,35273,D36,C,"['newell', 'miss', 'marjorie']",['D36'],1,D,1,0,103,3,0
395,1,3,24.0,0,2,16.7,female,PP 9549,G6,S,"['sandstrom', 'mrs', 'hjalmar', 'agnes', 'charlotta', 'bengtsson']",['G6'],1,G,2,0,145,6,2
396,0,3,22.0,0,0,7.7958,male,350052,Missing,S,"['johansson', 'mr', 'erik']",[],0,M,0,1,146,7,2
397,0,3,31.0,0,0,7.8542,female,350407,Missing,S,"['olsson', 'miss', 'elina']",[],0,M,0,0,146,7,2
398,0,2,46.0,0,0,26.0,male,28403,Missing,S,"['mckane', 'mr', 'peter', 'david']",[],0,M,0,1,146,7,2
399,0,2,23.0,0,0,10.5,male,244278,Missing,S,"['pain', 'dr', 'alfred']",[],0,M,0,1,146,7,2
400,1,2,28.0,0,0,12.65,female,240929,Missing,S,"['trout', 'mrs', 'william', 'h', 'jessie', 'l']",[],0,M,0,0,146,7,2
401,1,3,39.0,0,0,7.925,male,STON/O 2. 3101289,Missing,S,"['niskanen', 'mr', 'juha']",[],0,M,0,1,146,7,2
402,0,3,26.0,0,0,8.05,male,341826,Missing,S,"['adams', 'mr', 'john']",[],0,M,0,1,146,7,2
403,0,3,21.0,1,0,9.825,female,4137,Missing,S,"['jussila', 'miss', 'mari', 'aina']",[],0,M,1,0,146,7,2
404,0,3,28.0,1,0,15.85,male,STON/O2. 3101279,Missing,S,"['hakkarainen', 'mr', 'pekka', 'pietari']",[],0,M,1,1,146,7,2
405,0,3,20.0,0,0,8.6625,female,315096,Missing,S,"['oreskovic', 'miss', 'marija']",[],0,M,0,0,146,7,2
406,0,2,34.0,1,0,21.0,male,28664,Missing,S,"['gale', 'mr', 'shadrach']",[],0,M,1,1,146,7,2
407,0,3,51.0,0,0,7.75,male,347064,Missing,S,"['widegren', 'mr', 'carlcharles', 'peter']",[],0,M,0,1,146,7,2
408,1,2,3.0,1,1,18.75,male,29106,Missing,S,"['richards', 'master', 'william', 'rowe']",[],0,M,2,1,146,7,2
409,0,3,21.0,0,0,7.775,male,312992,Missing,S,"['birkeland', 'mr', 'hans', 'martin', 'monsen']",[],0,M,0,1,146,7,2
410,0,3,28.0,3,1,25.4667,female,4133,Missing,S,"['lefebre', 'miss', 'ida']",[],0,M,4,0,146,7,2
411,0,3,28.0,0,0,7.8958,male,349222,Missing,S,"['sdycoff', 'mr', 'todor']",[],0,M,0,1,146,7,2
412,0,3,28.0,0,0,6.8583,male,394140,Missing,Q,"['hart', 'mr', 'henry']",[],0,M,0,1,146,7,1
413,1,1,33.0,1,0,90.0,female,19928,C78,Q,"['minahan', 'miss', 'daisy', 'e']",['C78'],1,C,1,0,78,2,1
414,0,2,28.0,0,0,0.0,male,239853,Missing,S,"['cunningham', 'mr', 'alfred', 'fleming']",[],0,M,0,1,146,7,2
415,1,3,44.0,0,0,7.925,male,STON/O 2. 3101269,Missing,S,"['sundman', 'mr', 'johan', 'julian']",[],0,M,0,1,146,7,2
416,0,3,28.0,0,0,8.05,female,343095,Missing,S,"['meek', 'mrs', 'thomas', 'annie', 'louise', 'rowley']",[],0,M,0,0,146,7,2
417,1,2,34.0,1,1,32.5,female,28220,Missing,S,"['drew', 'mrs', 'james', 'vivian', 'lulu', 'thorne', 'christian']",[],0,M,2,0,146,7,2
418,1,2,18.0,0,2,13.0,female,250652,Missing,S,"['silven', 'miss', 'lyyli', 'karoliina']",[],0,M,2,0,146,7,2
419,0,2,30.0,0,0,13.0,male,28228,Missing,S,"['matthews', 'mr', 'william', 'john']",[],0,M,0,1,146,7,2
420,0,3,10.0,0,2,24.15,female,345773,Missing,S,"['van', 'impe', 'miss', 'catharina']",[],0,M,2,0,146,7,2
421,0,3,28.0,0,0,7.8958,male,349254,Missing,C,"['gheorgheff', 'mr', 'stanio']",[],0,M,0,1,146,7,0
422,0,3,21.0,0,0,7.7333,male,A/5. 13032,Missing,Q,"['charters', 'mr', 'david']",[],0,M,0,1,146,7,1
423,0,3,29.0,0,0,7.875,male,315082,Missing,S,"['zimmerman', 'mr', 'leo']",[],0,M,0,1,146,7,2
424,0,3,28.0,1,1,14.4,female,347080,Missing,S,"['danbom', 'mrs', 'ernst', 'gilbert', 'anna', 'sigrid', 'maria', 'brogren']",[],0,M,2,0,146,7,2
425,0,3,18.0,1,1,20.2125,male,370129,Missing,S,"['rosblom', 'mr', 'viktor', 'richard']",[],0,M,2,1,146,7,2
426,0,3,28.0,0,0,7.25,male,A/4. 34244,Missing,S,"['wiseman', 'mr', 'phillippe']",[],0,M,0,1,146,7,2
427,1,2,28.0,1,0,26.0,female,2003,Missing,S,"['clarke', 'mrs', 'charles', 'v', 'ada', 'maria', 'winfield']",[],0,M,1,0,146,7,2
428,1,2,19.0,0,0,26.0,female,250655,Missing,S,"['phillips', 'miss', 'kate', 'florence', 'mrs', 'kate', 'louise', 'phillips', 'marshall']",[],0,M,0,0,146,7,2
429,0,3,28.0,0,0,7.75,male,364851,Missing,Q,"['flynn', 'mr', 'james']",[],0,M,0,1,146,7,1
430,1,3,32.0,0,0,8.05,male,SOTON/O.Q. 392078,E10,S,"['pickard', 'mr', 'berk', 'berk', 'trembisky']",['E10'],1,E,0,1,115,4,2
431,1,1,28.0,0,0,26.55,male,110564,C52,S,"['bjornstromsteffansson', 'mr', 'mauritz', 'hakan']",['C52'],1,C,0,1,71,2,2
432,1,3,28.0,1,0,16.1,female,376564,Missing,S,"['thorneycroft', 'mrs', 'percival', 'florence', 'kate', 'white']",[],0,M,1,0,146,7,2
433,1,2,42.0,1,0,26.0,female,SC/AH 3085,Missing,S,"['louch', 'mrs', 'charles', 'alexander', 'alice', 'adelaide', 'slow']",[],0,M,1,0,146,7,2
434,0,3,17.0,0,0,7.125,male,STON/O 2. 3101274,Missing,S,"['kallio', 'mr', 'nikolai', 'erland']",[],0,M,0,1,146,7,2
435,0,1,50.0,1,0,55.9,male,13507,E44,S,"['silvey', 'mr', 'william', 'baird']",['E44'],1,E,1,1,128,4,2
436,1,1,14.0,1,2,120.0,female,113760,B96 B98,S,"['carter', 'miss', 'lucile', 'polk']","['B96', 'B98']",2,B,3,0,47,1,2
437,0,3,21.0,2,2,34.375,female,W./C. 6608,Missing,S,"['ford', 'miss', 'doolina', 'margaret', 'daisy']",[],0,M,4,0,146,7,2
438,1,2,24.0,2,3,18.75,female,29106,Missing,S,"['richards', 'mrs', 'sidney', 'emily', 'hocking']",[],0,M,5,0,146,7,2
439,0,1,64.0,1,4,263.0,male,19950,C23 C25 C27,S,"['fortune', 'mr', 'mark']","['C23', 'C25', 'C27']",3,C,5,1,63,2,2
440,0,2,31.0,0,0,10.5,male,C.A. 18723,Missing,S,"['kvillner', 'mr', 'johan', 'henrik', 'johannesson']",[],0,M,0,1,146,7,2
441,1,2,45.0,1,1,26.25,female,F.C.C. 13529,Missing,S,"['hart', 'mrs', 'benjamin', 'esther', 'ada', 'bloomfield']",[],0,M,2,0,146,7,2
442,0,3,20.0,0,0,9.5,male,345769,Missing,S,"['hampe', 'mr', 'leon']",[],0,M,0,1,146,7,2
443,0,3,25.0,1,0,7.775,male,347076,Missing,S,"['petterson', 'mr', 'johan', 'emil']",[],0,M,1,1,146,7,2
444,1,2,28.0,0,0,13.0,female,230434,Missing,S,"['reynaldo', 'ms', 'encarnacion']",[],0,M,0,0,146,7,2
445,1,3,28.0,0,0,8.1125,male,65306,Missing,S,"['johannesenbratthammer', 'mr', 'bernt']",[],0,M,0,1,146,7,2
446,1,1,4.0,0,2,81.8583,male,33638,A34,S,"['dodge', 'master', 'washington']",['A34'],1,A,2,1,10,0,2
447,1,2,13.0,0,1,19.5,female,250644,Missing,S,"['mellinger', 'miss', 'madeleine', 'violet']",[],0,M,1,0,146,7,2
448,1,1,34.0,0,0,26.55,male,113794,Missing,S,"['seward', 'mr', 'frederic', 'kimber']",[],0,M,0,1,146,7,2
449,1,3,5.0,2,1,19.2583,female,2666,Missing,C,"['baclini', 'miss', 'marie', 'catherine']",[],0,M,3,0,146,7,0
450,1,1,52.0,0,0,30.5,male,113786,C104,S,"['peuchen', 'major', 'arthur', 'godfrey']",['C104'],1,C,0,1,50,2,2
451,0,2,36.0,1,2,27.75,male,C.A. 34651,Missing,S,"['west', 'mr', 'edwy', 'arthur']",[],0,M,3,1,146,7,2
452,0,3,28.0,1,0,19.9667,male,65303,Missing,S,"['hagland', 'mr', 'ingvald', 'olai', 'olsen']",[],0,M,1,1,146,7,2
453,0,1,30.0,0,0,27.75,male,113051,C111,C,"['foreman', 'mr', 'benjamin', 'laventall']",['C111'],1,C,0,1,53,2,0
454,1,1,49.0,1,0,89.1042,male,17453,C92,C,"['goldenberg', 'mr', 'samuel', 'l']",['C92'],1,C,1,1,86,2,0
455,0,3,28.0,0,0,8.05,male,A/5 2817,Missing,S,"['peduzzi', 'mr', 'joseph']",[],0,M,0,1,146,7,2
456,1,3,29.0,0,0,7.8958,male,349240,Missing,C,"['jalsevac', 'mr', 'ivan']",[],0,M,0,1,146,7,0
457,0,1,65.0,0,0,26.55,male,13509,E38,S,"['millet', 'mr', 'francis', 'davis']",['E38'],1,E,0,1,126,4,2
458,1,1,28.0,1,0,51.8625,female,17464,D21,S,"['kenyon', 'mrs', 'frederick', 'r', 'marion']",['D21'],1,D,1,0,97,3,2
459,1,2,50.0,0,0,10.5,female,F.C.C. 13531,Missing,S,"['toomey', 'miss', 'ellen']",[],0,M,0,0,146,7,2
460,0,3,28.0,0,0,7.75,male,371060,Missing,Q,"['oconnor', 'mr', 'maurice']",[],0,M,0,1,146,7,1
461,1,1,48.0,0,0,26.55,male,19952,E12,S,"['anderson', 'mr', 'harry']",['E12'],1,E,0,1,117,4,2
462,0,3,34.0,0,0,8.05,male,364506,Missing,S,"['morley', 'mr', 'william']",[],0,M,0,1,146,7,2
463,0,1,47.0,0,0,38.5,male,111320,E63,S,"['gee', 'mr', 'arthur', 'h']",['E63'],1,E,0,1,133,4,2
464,0,2,48.0,0,0,13.0,male,234360,Missing,S,"['milling', 'mr', 'jacob', 'christian']",[],0,M,0,1,146,7,2
465,0,3,28.0,0,0,8.05,male,A/S 2816,Missing,S,"['maisner', 'mr', 'simon']",[],0,M,0,1,146,7,2
466,0,3,38.0,0,0,7.05,male,SOTON/O.Q. 3101306,Missing,S,"['goncalves', 'mr', 'manuel', 'estanslas']",[],0,M,0,1,146,7,2
467,0,2,28.0,0,0,0.0,male,239853,Missing,S,"['campbell', 'mr', 'william']",[],0,M,0,1,146,7,2
468,0,1,56.0,0,0,26.55,male,113792,Missing,S,"['smart', 'mr', 'john', 'montgomery']",[],0,M,0,1,146,7,2
469,0,3,28.0,0,0,7.725,male,36209,Missing,Q,"['scanlan', 'mr', 'james']",[],0,M,0,1,146,7,1
470,1,3,0.75,2,1,19.2583,female,2666,Missing,C,"['baclini', 'miss', 'helene', 'barbara']",[],0,M,3,0,146,7,0
471,0,3,28.0,0,0,7.25,male,323592,Missing,S,"['keefe', 'mr', 'arthur']",[],0,M,0,1,146,7,2
472,0,3,38.0,0,0,8.6625,male,315089,Missing,S,"['cacic', 'mr', 'luka']",[],0,M,0,1,146,7,2
473,1,2,33.0,1,2,27.75,female,C.A. 34651,Missing,S,"['west', 'mrs', 'edwy', 'arthur', 'ada', 'mary', 'worth']",[],0,M,3,0,146,7,2
474,1,2,23.0,0,0,13.7917,female,SC/AH Basle 541,D,C,"['jerwan', 'mrs', 'amin', 's', 'marie', 'marthe', 'thuillard']",['D'],1,D,0,0,90,3,0
475,0,3,22.0,0,0,9.8375,female,7553,Missing,S,"['strandberg', 'miss', 'ida', 'sofia']",[],0,M,0,0,146,7,2
476,0,1,28.0,0,0,52.0,male,110465,A14,S,"['clifford', 'mr', 'george', 'quincy']",['A14'],1,A,0,1,1,0,2
477,0,2,34.0,1,0,21.0,male,31027,Missing,S,"['renouf', 'mr', 'peter', 'henry']",[],0,M,1,1,146,7,2
478,0,3,29.0,1,0,7.0458,male,3460,Missing,S,"['braund', 'mr', 'lewis', 'richard']",[],0,M,1,1,146,7,2
479,0,3,22.0,0,0,7.5208,male,350060,Missing,S,"['karlsson', 'mr', 'nils', 'august']",[],0,M,0,1,146,7,2
480,1,3,2.0,0,1,12.2875,female,3101298,Missing,S,"['hirvonen', 'miss', 'hildur', 'e']",[],0,M,1,0,146,7,2
481,0,3,9.0,5,2,46.9,male,CA 2144,Missing,S,"['goodwin', 'master', 'harold', 'victor']",[],0,M,7,1,146,7,2
482,0,2,28.0,0,0,0.0,male,239854,Missing,S,"['frost', 'mr', 'anthony', 'wood', 'archie']",[],0,M,0,1,146,7,2
483,0,3,50.0,0,0,8.05,male,A/5 3594,Missing,S,"['rouse', 'mr', 'richard', 'henry']",[],0,M,0,1,146,7,2
484,1,3,63.0,0,0,9.5875,female,4134,Missing,S,"['turkula', 'mrs', 'hedwig']",[],0,M,0,0,146,7,2
485,1,1,25.0,1,0,91.0792,male,11967,B49,C,"['bishop', 'mr', 'dickinson', 'h']",['B49'],1,B,1,1,31,1,0
486,0,3,28.0,3,1,25.4667,female,4133,Missing,S,"['lefebre', 'miss', 'jeannie']",[],0,M,4,0,146,7,2
487,1,1,35.0,1,0,90.0,female,19943,C93,S,"['hoyt', 'mrs', 'frederick', 'maxfield', 'jane', 'anne', 'forby']",['C93'],1,C,1,0,87,2,2
488,0,1,58.0,0,0,29.7,male,11771,B37,C,"['kent', 'mr', 'edward', 'austin']",['B37'],1,B,0,1,25,1,0
489,0,3,30.0,0,0,8.05,male,A.5. 18509,Missing,S,"['somerton', 'mr', 'francis', 'william']",[],0,M,0,1,146,7,2
490,1,3,9.0,1,1,15.9,male,C.A. 37671,Missing,S,"['coutts', 'master', 'eden', 'leslie', 'neville']",[],0,M,2,1,146,7,2
491,0,3,28.0,1,0,19.9667,male,65304,Missing,S,"['hagland', 'mr', 'konrad', 'mathias', 'reiersen']",[],0,M,1,1,146,7,2
492,0,3,21.0,0,0,7.25,male,SOTON/OQ 3101317,Missing,S,"['windelov', 'mr', 'einar']",[],0,M,0,1,146,7,2
493,0,1,55.0,0,0,30.5,male,113787,C30,S,"['molson', 'mr', 'harry', 'markland']",['C30'],1,C,0,1,64,2,2
494,0,1,71.0,0,0,49.5042,male,PC 17609,Missing,C,"['artagaveytia', 'mr', 'ramon']",[],0,M,0,1,146,7,0
495,0,3,21.0,0,0,8.05,male,A/4 45380,Missing,S,"['stanley', 'mr', 'edward', 'roland']",[],0,M,0,1,146,7,2
496,0,3,28.0,0,0,14.4583,male,2627,Missing,C,"['yousseff', 'mr', 'gerious']",[],0,M,0,1,146,7,0
497,1,1,54.0,1,0,78.2667,female,36947,D20,C,"['eustis', 'miss', 'elizabeth', 'mussey']",['D20'],1,D,1,0,96,3,0
498,0,3,28.0,0,0,15.1,male,C.A. 6212,Missing,S,"['shellard', 'mr', 'frederick', 'william']",[],0,M,0,1,146,7,2
499,0,1,25.0,1,2,151.55,female,113781,C22 C26,S,"['allison', 'mrs', 'hudson', 'j', 'c', 'bessie', 'waldo', 'daniels']","['C22', 'C26']",2,C,3,0,62,2,2
500,0,3,24.0,0,0,7.7958,male,350035,Missing,S,"['svensson', 'mr', 'olof']",[],0,M,0,1,146,7,2
501,0,3,17.0,0,0,8.6625,male,315086,Missing,S,"['calic', 'mr', 'petar']",[],0,M,0,1,146,7,2
502,0,3,21.0,0,0,7.75,female,364846,Missing,Q,"['canavan', 'miss', 'mary']",[],0,M,0,0,146,7,1
503,0,3,28.0,0,0,7.6292,female,330909,Missing,Q,"['osullivan', 'miss', 'bridget', 'mary']",[],0,M,0,0,146,7,1
504,0,3,37.0,0,0,9.5875,female,4135,Missing,S,"['laitinen', 'miss', 'kristina', 'sofia']",[],0,M,0,0,146,7,2
505,1,1,16.0,0,0,86.5,female,110152,B79,S,"['maioni', 'miss', 'roberta']",['B79'],1,B,0,0,42,1,2
506,0,1,18.0,1,0,108.9,male,PC 17758,C65,C,"['penasco', 'y', 'castellana', 'mr', 'victor', 'de', 'satode']",['C65'],1,C,1,1,74,2,0
507,1,2,33.0,0,2,26.0,female,26360,Missing,S,"['quick', 'mrs', 'frederick', 'charles', 'jane', 'richards']",[],0,M,2,0,146,7,2
508,1,1,28.0,0,0,26.55,male,111427,Missing,S,"['bradley', 'mr', 'george', 'george', 'arthur', 'brayton']",[],0,M,0,1,146,7,2
509,0,3,28.0,0,0,22.525,male,C 4001,Missing,S,"['olsen', 'mr', 'henry', 'margido']",[],0,M,0,1,146,7,2
510,1,3,26.0,0,0,56.4958,male,1601,Missing,S,"['lang', 'mr', 'fang']",[],0,M,0,1,146,7,2
511,1,3,29.0,0,0,7.75,male,382651,Missing,Q,"['daly', 'mr', 'eugene', 'patrick']",[],0,M,0,1,146,7,1
512,0,3,28.0,0,0,8.05,male,SOTON/OQ 3101316,Missing,S,"['webber', 'mr', 'james']",[],0,M,0,1,146,7,2
513,1,1,36.0,0,0,26.2875,male,PC 17473,E25,S,"['mcgough', 'mr', 'james', 'robert']",['E25'],1,E,0,1,121,4,2
514,1,1,54.0,1,0,59.4,female,PC 17603,Missing,C,"['rothschild', 'mrs', 'martin', 'elizabeth', 'l', 'barrett']",[],0,M,1,0,146,7,0
515,0,3,24.0,0,0,7.4958,male,349209,Missing,S,"['coleff', 'mr', 'satio']",[],0,M,0,1,146,7,2
516,0,1,47.0,0,0,34.0208,male,36967,D46,S,"['walker', 'mr', 'william', 'anderson']",['D46'],1,D,0,1,106,3,2
517,1,2,34.0,0,0,10.5,female,C.A. 34260,F33,S,"['lemore', 'mrs', 'amelia', 'milley']",['F33'],1,F,0,0,142,5,2
518,0,3,28.0,0,0,24.15,male,371110,Missing,Q,"['ryan', 'mr', 'patrick']",[],0,M,0,1,146,7,1
519,1,2,36.0,1,0,26.0,female,226875,Missing,S,"['angle', 'mrs', 'william', 'a', 'florence', 'mary', 'agnes', 'hughes']",[],0,M,1,0,146,7,2
520,0,3,32.0,0,0,7.8958,male,349242,Missing,S,"['pavlovic', 'mr', 'stefo']",[],0,M,0,1,146,7,2
521,1,1,30.0,0,0,93.5,female,12749,B73,S,"['perreault', 'miss', 'anne']",['B73'],1,B,0,0,39,1,2
522,0,3,22.0,0,0,7.8958,male,349252,Missing,S,"['vovk', 'mr', 'janko']",[],0,M,0,1,146,7,2
523,0,3,28.0,0,0,7.225,male,2624,Missing,C,"['lahoud', 'mr', 'sarkis']",[],0,M,0,1,146,7,0
524,1,1,44.0,0,1,57.9792,female,111361,B18,C,"['hippach', 'mrs', 'louis', 'albert', 'ida', 'sophia', 'fischer']",['B18'],1,B,1,0,17,1,0
525,0,3,28.0,0,0,7.2292,male,2700,Missing,C,"['kassem', 'mr', 'fared']",[],0,M,0,1,146,7,0
526,0,3,40.5,0,0,7.75,male,367232,Missing,Q,"['farrell', 'mr', 'james']",[],0,M,0,1,146,7,1
527,1,2,50.0,0,0,10.5,female,W./C. 14258,Missing,S,"['ridsdale', 'miss', 'lucy']",[],0,M,0,0,146,7,2
528,0,1,28.0,0,0,221.7792,male,PC 17483,C95,S,"['farthing', 'mr', 'john']",['C95'],1,C,0,1,88,2,2
529,0,3,39.0,0,0,7.925,male,3101296,Missing,S,"['salonen', 'mr', 'johan', 'werner']",[],0,M,0,1,146,7,2
530,0,2,23.0,2,1,11.5,male,29104,Missing,S,"['hocking', 'mr', 'richard', 'george']",[],0,M,3,1,146,7,2
531,1,2,2.0,1,1,26.0,female,26360,Missing,S,"['quick', 'miss', 'phyllis', 'may']",[],0,M,2,0,146,7,2
532,0,3,28.0,0,0,7.2292,male,2641,Missing,C,"['toufik', 'mr', 'nakli']",[],0,M,0,1,146,7,0
533,0,3,17.0,1,1,7.2292,male,2690,Missing,C,"['elias', 'mr', 'joseph', 'jr']",[],0,M,2,1,146,7,0
534,1,3,28.0,0,2,22.3583,female,2668,Missing,C,"['peter', 'mrs', 'catherine', 'catherine', 'rizk']",[],0,M,2,0,146,7,0
535,0,3,30.0,0,0,8.6625,female,315084,Missing,S,"['cacic', 'miss', 'marija']",[],0,M,0,0,146,7,2
536,1,2,7.0,0,2,26.25,female,F.C.C. 13529,Missing,S,"['hart', 'miss', 'eva', 'miriam']",[],0,M,2,0,146,7,2
537,0,1,45.0,0,0,26.55,male,113050,B38,S,"['butt', 'major', 'archibald', 'willingham']",['B38'],1,B,0,1,26,1,2
538,1,1,30.0,0,0,106.425,female,PC 17761,Missing,C,"['leroy', 'miss', 'bertha']",[],0,M,0,0,146,7,0
539,0,3,28.0,0,0,14.5,male,364498,Missing,S,"['risien', 'mr', 'samuel', 'beard']",[],0,M,0,1,146,7,2
540,1,1,22.0,0,2,49.5,female,13568,B39,C,"['frolicher', 'miss', 'hedwig', 'margaritha']",['B39'],1,B,2,0,27,1,0
541,1,1,36.0,0,2,71.0,female,WE/P 5735,B22,S,"['crosby', 'miss', 'harriet', 'r']",['B22'],1,B,2,0,20,1,2
542,0,3,9.0,4,2,31.275,female,347082,Missing,S,"['andersson', 'miss', 'ingeborg', 'constanzia']",[],0,M,6,0,146,7,2
543,0,3,11.0,4,2,31.275,female,347082,Missing,S,"['andersson', 'miss', 'sigrid', 'elisabeth']",[],0,M,6,0,146,7,2
544,1,2,32.0,1,0,26.0,male,2908,Missing,S,"['beane', 'mr', 'edward']",[],0,M,1,1,146,7,2
545,0,1,50.0,1,0,106.425,male,PC 17761,C86,C,"['douglas', 'mr', 'walter', 'donald']",['C86'],1,C,1,1,82,2,0
546,0,1,64.0,0,0,26.0,male,693,Missing,S,"['nicholson', 'mr', 'arthur', 'ernest']",[],0,M,0,1,146,7,2
547,1,2,19.0,1,0,26.0,female,2908,Missing,S,"['beane', 'mrs', 'edward', 'ethel', 'clarke']",[],0,M,1,0,146,7,2
548,1,2,28.0,0,0,13.8625,male,SC/PARIS 2146,Missing,C,"['padro', 'y', 'manent', 'mr', 'julian']",[],0,M,0,1,146,7,0
549,0,3,33.0,1,1,20.525,male,363291,Missing,S,"['goldsmith', 'mr', 'frank', 'john']",[],0,M,2,1,146,7,2
550,1,2,8.0,1,1,36.75,male,C.A. 33112,Missing,S,"['davies', 'master', 'john', 'morgan', 'jr']",[],0,M,2,1,146,7,2
551,1,1,17.0,0,2,110.8833,male,17421,C70,C,"['thayer', 'mr', 'john', 'borland', 'jr']",['C70'],1,C,2,1,77,2,0
552,0,2,27.0,0,0,26.0,male,244358,Missing,S,"['sharp', 'mr', 'percival', 'james', 'r']",[],0,M,0,1,146,7,2
553,0,3,28.0,0,0,7.8292,male,330979,Missing,Q,"['obrien', 'mr', 'timothy']",[],0,M,0,1,146,7,1
554,1,3,22.0,0,0,7.225,male,2620,Missing,C,"['leeni', 'mr', 'fahim', 'philip', 'zenni']",[],0,M,0,1,146,7,0
555,1,3,22.0,0,0,7.775,female,347085,Missing,S,"['ohman', 'miss', 'velin']",[],0,M,0,0,146,7,2
556,0,1,62.0,0,0,26.55,male,113807,Missing,S,"['wright', 'mr', 'george']",[],0,M,0,1,146,7,2
557,1,1,48.0,1,0,39.6,female,11755,A16,C,"['duff', 'gordon', 'lady', 'lucille', 'christiana', 'sutherland', 'mrs', 'morgan']",['A16'],1,A,1,0,2,0,0
558,0,1,28.0,0,0,227.525,male,PC 17757,Missing,C,"['robbins', 'mr', 'victor']",[],0,M,0,1,146,7,0
559,1,1,39.0,1,1,79.65,female,110413,E67,S,"['taussig', 'mrs', 'emil', 'tillie', 'mandelbaum']",['E67'],1,E,2,0,134,4,2
560,1,3,36.0,1,0,17.4,female,345572,Missing,S,"['de', 'messemaeker', 'mrs', 'guillaume', 'joseph', 'emma']",[],0,M,1,0,146,7,2
561,0,3,28.0,0,0,7.75,male,372622,Missing,Q,"['morrow', 'mr', 'thomas', 'rowan']",[],0,M,0,1,146,7,1
562,0,3,40.0,0,0,7.8958,male,349251,Missing,S,"['sivic', 'mr', 'husein']",[],0,M,0,1,146,7,2
563,0,2,28.0,0,0,13.5,male,218629,Missing,S,"['norman', 'mr', 'robert', 'douglas']",[],0,M,0,1,146,7,2
564,0,3,28.0,0,0,8.05,male,SOTON/OQ 392082,Missing,S,"['simmons', 'mr', 'john']",[],0,M,0,1,146,7,2
565,0,3,28.0,0,0,8.05,female,SOTON/O.Q. 392087,Missing,S,"['meanwell', 'miss', 'marion', 'ogden']",[],0,M,0,0,146,7,2
566,0,3,24.0,2,0,24.15,male,A/4 48871,Missing,S,"['davies', 'mr', 'alfred', 'j']",[],0,M,2,1,146,7,2
567,0,3,19.0,0,0,7.8958,male,349205,Missing,S,"['stoytcheff', 'mr', 'ilia']",[],0,M,0,1,146,7,2
568,0,3,29.0,0,4,21.075,female,349909,Missing,S,"['palsson', 'mrs', 'nils', 'alma', 'cornelia', 'berglund']",[],0,M,4,0,146,7,2
569,0,3,28.0,0,0,7.2292,male,2686,Missing,C,"['doharr', 'mr', 'tannous']",[],0,M,0,1,146,7,0
570,1,3,32.0,0,0,7.8542,male,350417,Missing,S,"['jonsson', 'mr', 'carl']",[],0,M,0,1,146,7,2
571,1,2,62.0,0,0,10.5,male,S.W./PP 752,Missing,S,"['harris', 'mr', 'george']",[],0,M,0,1,146,7,2
572,1,1,53.0,2,0,51.4792,female,11769,C101,S,"['appleton', 'mrs', 'edward', 'dale', 'charlotte', 'lamson']",['C101'],1,C,2,0,48,2,2
573,1,1,36.0,0,0,26.3875,male,PC 17474,E25,S,"['flynn', 'mr', 'john', 'irwin', 'irving']",['E25'],1,E,0,1,121,4,2
574,1,3,28.0,0,0,7.75,female,14312,Missing,Q,"['kelly', 'miss', 'mary']",[],0,M,0,0,146,7,1
575,0,3,16.0,0,0,8.05,male,A/4. 20589,Missing,S,"['rush', 'mr', 'alfred', 'george', 'john']",[],0,M,0,1,146,7,2
576,0,3,19.0,0,0,14.5,male,358585,Missing,S,"['patchett', 'mr', 'george']",[],0,M,0,1,146,7,2
577,1,2,34.0,0,0,13.0,female,243880,Missing,S,"['garside', 'miss', 'ethel']",[],0,M,0,0,146,7,2
578,1,1,39.0,1,0,55.9,female,13507,E44,S,"['silvey', 'mrs', 'william', 'baird', 'alice', 'munger']",['E44'],1,E,1,0,128,4,2
579,0,3,28.0,1,0,14.4583,female,2689,Missing,C,"['caram', 'mrs', 'joseph', 'maria', 'elias']",[],0,M,1,0,146,7,0
580,1,3,32.0,0,0,7.925,male,STON/O 2. 3101286,Missing,S,"['jussila', 'mr', 'eiriik']",[],0,M,0,1,146,7,2
581,1,2,25.0,1,1,30.0,female,237789,Missing,S,"['christy', 'miss', 'julie', 'rachel']",[],0,M,2,0,146,7,2
582,1,1,39.0,1,1,110.8833,female,17421,C68,C,"['thayer', 'mrs', 'john', 'borland', 'marian', 'longstreth', 'morris']",['C68'],1,C,2,0,75,2,0
583,0,2,54.0,0,0,26.0,male,28403,Missing,S,"['downton', 'mr', 'william', 'james']",[],0,M,0,1,146,7,2
584,0,1,36.0,0,0,40.125,male,13049,A10,C,"['ross', 'mr', 'john', 'hugo']",['A10'],1,A,0,1,0,0,0
585,0,3,28.0,0,0,8.7125,male,3411,Missing,C,"['paulner', 'mr', 'uscher']",[],0,M,0,1,146,7,0
586,1,1,18.0,0,2,79.65,female,110413,E68,S,"['taussig', 'miss', 'ruth']",['E68'],1,E,2,0,135,4,2
587,0,2,47.0,0,0,15.0,male,237565,Missing,S,"['jarvis', 'mr', 'john', 'denzil']",[],0,M,0,1,146,7,2
588,1,1,60.0,1,1,79.2,male,13567,B41,C,"['frolicherstehli', 'mr', 'maxmillian']",['B41'],1,B,2,1,29,1,0
589,0,3,22.0,0,0,8.05,male,14973,Missing,S,"['gilinski', 'mr', 'eliezer']",[],0,M,0,1,146,7,2
590,0,3,28.0,0,0,8.05,male,A./5. 3235,Missing,S,"['murdlin', 'mr', 'joseph']",[],0,M,0,1,146,7,2
591,0,3,35.0,0,0,7.125,male,STON/O 2. 3101273,Missing,S,"['rintamaki', 'mr', 'matti']",[],0,M,0,1,146,7,2
592,1,1,52.0,1,0,78.2667,female,36947,D20,C,"['stephenson', 'mrs', 'walter', 'bertram', 'martha', 'eustis']",['D20'],1,D,1,0,96,3,0
593,0,3,47.0,0,0,7.25,male,A/5 3902,Missing,S,"['elsbury', 'mr', 'william', 'james']",[],0,M,0,1,146,7,2
594,0,3,28.0,0,2,7.75,female,364848,Missing,Q,"['bourke', 'miss', 'mary']",[],0,M,2,0,146,7,1
595,0,2,37.0,1,0,26.0,male,SC/AH 29037,Missing,S,"['chapman', 'mr', 'john', 'henry']",[],0,M,1,1,146,7,2
596,0,3,36.0,1,1,24.15,male,345773,Missing,S,"['van', 'impe', 'mr', 'jean', 'baptiste']",[],0,M,2,1,146,7,2
597,1,2,28.0,0,0,33.0,female,248727,Missing,S,"['leitch', 'miss', 'jessie', 'wills']",[],0,M,0,0,146,7,2
598,0,3,49.0,0,0,0.0,male,LINE,Missing,S,"['johnson', 'mr', 'alfred']",[],0,M,0,1,146,7,2
599,0,3,28.0,0,0,7.225,male,2664,Missing,C,"['boulos', 'mr', 'hanna']",[],0,M,0,1,146,7,0
600,1,1,49.0,1,0,56.9292,male,PC 17485,A20,C,"['duff', 'gordon', 'sir', 'cosmo', 'edmund', 'mr', 'morgan']",['A20'],1,A,1,1,4,0,0
601,1,2,24.0,2,1,27.0,female,243847,Missing,S,"['jacobsohn', 'mrs', 'sidney', 'samuel', 'amy', 'frances', 'christy']",[],0,M,3,0,146,7,2
602,0,3,28.0,0,0,7.8958,male,349214,Missing,S,"['slabenoff', 'mr', 'petco']",[],0,M,0,1,146,7,2
603,0,1,28.0,0,0,42.4,male,113796,Missing,S,"['harrington', 'mr', 'charles', 'h']",[],0,M,0,1,146,7,2
604,0,3,44.0,0,0,8.05,male,364511,Missing,S,"['torber', 'mr', 'ernst', 'william']",[],0,M,0,1,146,7,2
605,1,1,35.0,0,0,26.55,male,111426,Missing,C,"['homer', 'mr', 'harry', 'mr', 'e', 'haven']",[],0,M,0,1,146,7,0
606,0,3,36.0,1,0,15.55,male,349910,Missing,S,"['lindell', 'mr', 'edvard', 'bengtsson']",[],0,M,1,1,146,7,2
607,0,3,30.0,0,0,7.8958,male,349246,Missing,S,"['karaic', 'mr', 'milan']",[],0,M,0,1,146,7,2
608,1,1,27.0,0,0,30.5,male,113804,Missing,S,"['daniel', 'mr', 'robert', 'williams']",[],0,M,0,1,146,7,2
609,1,2,22.0,1,2,41.5792,female,SC/Paris 2123,Missing,C,"['laroche', 'mrs', 'joseph', 'juliette', 'marie', 'louise', 'lafargue']",[],0,M,3,0,146,7,0
610,1,1,40.0,0,0,153.4625,female,PC 17582,C125,S,"['shutes', 'miss', 'elizabeth', 'w']",['C125'],1,C,0,0,57,2,2
611,0,3,39.0,1,5,31.275,female,347082,Missing,S,"['andersson', 'mrs', 'anders', 'johan', 'alfrida', 'konstantia', 'brogren']",[],0,M,6,0,146,7,2
612,0,3,28.0,0,0,7.05,male,SOTON/O.Q. 3101305,Missing,S,"['jardin', 'mr', 'jose', 'neto']",[],0,M,0,1,146,7,2
613,1,3,28.0,1,0,15.5,female,367230,Missing,Q,"['murphy', 'miss', 'margaret', 'jane']",[],0,M,1,0,146,7,1
614,0,3,28.0,0,0,7.75,male,370377,Missing,Q,"['horgan', 'mr', 'john']",[],0,M,0,1,146,7,1
615,0,3,35.0,0,0,8.05,male,364512,Missing,S,"['brocklebank', 'mr', 'william', 'alfred']",[],0,M,0,1,146,7,2
616,1,2,24.0,1,2,65.0,female,220845,Missing,S,"['herman', 'miss', 'alice']",[],0,M,3,0,146,7,2
617,0,3,34.0,1,1,14.4,male,347080,Missing,S,"['danbom', 'mr', 'ernst', 'gilbert']",[],0,M,2,1,146,7,2
618,0,3,26.0,1,0,16.1,female,A/5. 3336,Missing,S,"['lobb', 'mrs', 'william', 'arthur', 'cordelia', 'k', 'stanlick']",[],0,M,1,0,146,7,2
619,1,2,4.0,2,1,39.0,female,230136,F4,S,"['becker', 'miss', 'marion', 'louise']",['F4'],1,F,3,0,144,5,2
620,0,2,26.0,0,0,10.5,male,31028,Missing,S,"['gavey', 'mr', 'lawrence']",[],0,M,0,1,146,7,2
621,0,3,27.0,1,0,14.4542,male,2659,Missing,C,"['yasbeck', 'mr', 'antoni']",[],0,M,1,1,146,7,0
622,1,1,42.0,1,0,52.5542,male,11753,D19,S,"['kimball', 'mr', 'edwin', 'nelson', 'jr']",['D19'],1,D,1,1,95,3,2
623,1,3,20.0,1,1,15.7417,male,2653,Missing,C,"['nakid', 'mr', 'sahid']",[],0,M,2,1,146,7,0
624,0,3,21.0,0,0,7.8542,male,350029,Missing,S,"['hansen', 'mr', 'henry', 'damsgaard']",[],0,M,0,1,146,7,2
625,0,3,21.0,0,0,16.1,male,54636,Missing,S,"['bowen', 'mr', 'david', 'john', 'dai']",[],0,M,0,1,146,7,2
626,0,1,61.0,0,0,32.3208,male,36963,D50,S,"['sutton', 'mr', 'frederick']",['D50'],1,D,0,1,110,3,2
627,0,2,57.0,0,0,12.35,male,219533,Missing,Q,"['kirkland', 'rev', 'charles', 'leonard']",[],0,M,0,1,146,7,1
628,1,1,21.0,0,0,77.9583,female,13502,D9,S,"['longley', 'miss', 'gretchen', 'fiske']",['D9'],1,D,0,0,114,3,2
629,0,3,26.0,0,0,7.8958,male,349224,Missing,S,"['bostandyeff', 'mr', 'guentcho']",[],0,M,0,1,146,7,2
630,0,3,28.0,0,0,7.7333,male,334912,Missing,Q,"['oconnell', 'mr', 'patrick', 'd']",[],0,M,0,1,146,7,1
631,1,1,80.0,0,0,30.0,male,27042,A23,S,"['barkworth', 'mr', 'algernon', 'henry', 'wilson']",['A23'],1,A,0,1,5,0,2
632,0,3,51.0,0,0,7.0542,male,347743,Missing,S,"['lundahl', 'mr', 'johan', 'svensson']",[],0,M,0,1,146,7,2
633,1,1,32.0,0,0,30.5,male,13214,B50,C,"['stahelinmaeglin', 'dr', 'max']",['B50'],1,B,0,1,33,1,0
634,0,1,28.0,0,0,0.0,male,112052,Missing,S,"['parr', 'mr', 'william', 'henry', 'marsh']",[],0,M,0,1,146,7,2
635,0,3,9.0,3,2,27.9,female,347088,Missing,S,"['skoog', 'miss', 'mabel']",[],0,M,5,0,146,7,2
636,1,2,28.0,0,0,13.0,female,237668,Missing,S,"['davis', 'miss', 'mary']",[],0,M,0,0,146,7,2
637,0,3,32.0,0,0,7.925,male,STON/O 2. 3101292,Missing,S,"['leinonen', 'mr', 'antti', 'gustaf']",[],0,M,0,1,146,7,2
638,0,2,31.0,1,1,26.25,male,C.A. 31921,Missing,S,"['collyer', 'mr', 'harvey']",[],0,M,2,1,146,7,2
639,0,3,41.0,0,5,39.6875,female,3101295,Missing,S,"['panula', 'mrs', 'juha', 'maria', 'emilia', 'ojala']",[],0,M,5,0,146,7,2
640,0,3,28.0,1,0,16.1,male,376564,Missing,S,"['thorneycroft', 'mr', 'percival']",[],0,M,1,1,146,7,2
641,0,3,20.0,0,0,7.8542,male,350050,Missing,S,"['jensen', 'mr', 'hans', 'peder']",[],0,M,0,1,146,7,2
642,1,1,24.0,0,0,69.3,female,PC 17477,B35,C,"['sagesser', 'mlle', 'emma']",['B35'],1,B,0,0,24,1,0
643,0,3,2.0,3,2,27.9,female,347088,Missing,S,"['skoog', 'miss', 'margit', 'elizabeth']",[],0,M,5,0,146,7,2
644,1,3,28.0,0,0,56.4958,male,1601,Missing,S,"['foo', 'mr', 'choong']",[],0,M,0,1,146,7,2
645,1,3,0.75,2,1,19.2583,female,2666,Missing,C,"['baclini', 'miss', 'eugenie']",[],0,M,3,0,146,7,0
646,1,1,48.0,1,0,76.7292,male,PC 17572,D33,C,"['harper', 'mr', 'henry', 'sleeper']",['D33'],1,D,1,1,101,3,0
647,0,3,19.0,0,0,7.8958,male,349231,Missing,S,"['cor', 'mr', 'liudevit']",[],0,M,0,1,146,7,2
648,1,1,56.0,0,0,35.5,male,13213,A26,C,"['simoniusblumer', 'col', 'oberst', 'alfons']",['A26'],1,A,0,1,7,0,0
649,0,3,28.0,0,0,7.55,male,S.O./P.P. 751,Missing,S,"['willey', 'mr', 'edward']",[],0,M,0,1,146,7,2
650,1,3,23.0,0,0,7.55,female,CA. 2314,Missing,S,"['stanley', 'miss', 'amy', 'zillah', 'elsie']",[],0,M,0,0,146,7,2
651,0,3,28.0,0,0,7.8958,male,349221,Missing,S,"['mitkoff', 'mr', 'mito']",[],0,M,0,1,146,7,2
652,1,2,18.0,0,1,23.0,female,231919,Missing,S,"['doling', 'miss', 'elsie']",[],0,M,1,0,146,7,2
653,0,3,21.0,0,0,8.4333,male,8475,Missing,S,"['kalvik', 'mr', 'johannes', 'halvorsen']",[],0,M,0,1,146,7,2
654,1,3,28.0,0,0,7.8292,female,330919,Missing,Q,"['oleary', 'miss', 'hanora', 'norah']",[],0,M,0,0,146,7,1
655,0,3,18.0,0,0,6.75,female,365226,Missing,Q,"['hegarty', 'miss', 'hanora', 'nora']",[],0,M,0,0,146,7,1
656,0,2,24.0,2,0,73.5,male,S.O.C. 14879,Missing,S,"['hickman', 'mr', 'leonard', 'mark']",[],0,M,2,1,146,7,2
657,0,3,28.0,0,0,7.8958,male,349223,Missing,S,"['radeff', 'mr', 'alexander']",[],0,M,0,1,146,7,2
658,0,3,32.0,1,1,15.5,female,364849,Missing,Q,"['bourke', 'mrs', 'john', 'catherine']",[],0,M,2,0,146,7,1
659,0,2,23.0,0,0,13.0,male,29751,Missing,S,"['eitemiller', 'mr', 'george', 'floyd']",[],0,M,0,1,146,7,2
660,0,1,58.0,0,2,113.275,male,35273,D48,C,"['newell', 'mr', 'arthur', 'webster']",['D48'],1,D,2,1,108,3,0
661,1,1,50.0,2,0,133.65,male,PC 17611,Missing,S,"['frauenthal', 'dr', 'henry', 'william']",[],0,M,2,1,146,7,2
662,0,3,40.0,0,0,7.225,male,2623,Missing,C,"['badt', 'mr', 'mohamed']",[],0,M,0,1,146,7,0
663,0,1,47.0,0,0,25.5875,male,5727,E58,S,"['colley', 'mr', 'edward', 'pomeroy']",['E58'],1,E,0,1,132,4,2
664,0,3,36.0,0,0,7.4958,male,349210,Missing,S,"['coleff', 'mr', 'peju']",[],0,M,0,1,146,7,2
665,1,3,20.0,1,0,7.925,male,STON/O 2. 3101285,Missing,S,"['lindqvist', 'mr', 'eino', 'william']",[],0,M,1,1,146,7,2
666,0,2,32.0,2,0,73.5,male,S.O.C. 14879,Missing,S,"['hickman', 'mr', 'lewis']",[],0,M,2,1,146,7,2
667,0,2,25.0,0,0,13.0,male,234686,Missing,S,"['butler', 'mr', 'reginald', 'fenton']",[],0,M,0,1,146,7,2
668,0,3,28.0,0,0,7.775,male,312993,Missing,S,"['rommetvedt', 'mr', 'knud', 'paust']",[],0,M,0,1,146,7,2
669,0,3,43.0,0,0,8.05,male,A/5 3536,Missing,S,"['cook', 'mr', 'jacob']",[],0,M,0,1,146,7,2
670,1,1,28.0,1,0,52.0,female,19996,C126,S,"['taylor', 'mrs', 'elmer', 'zebley', 'juliet', 'cummins', 'wright']",['C126'],1,C,1,0,58,2,2
671,1,2,40.0,1,1,39.0,female,29750,Missing,S,"['brown', 'mrs', 'thomas', 'william', 'solomon', 'elizabeth', 'catherine', 'ford']",[],0,M,2,0,146,7,2
672,0,1,31.0,1,0,52.0,male,F.C. 12750,B71,S,"['davidson', 'mr', 'thornton']",['B71'],1,B,1,1,38,1,2
673,0,2,70.0,0,0,10.5,male,C.A. 24580,Missing,S,"['mitchell', 'mr', 'henry', 'michael']",[],0,M,0,1,146,7,2
674,1,2,31.0,0,0,13.0,male,244270,Missing,S,"['wilhelms', 'mr', 'charles']",[],0,M,0,1,146,7,2
675,0,2,28.0,0,0,0.0,male,239856,Missing,S,"['watson', 'mr', 'ennis', 'hastings']",[],0,M,0,1,146,7,2
676,0,3,18.0,0,0,7.775,male,349912,Missing,S,"['edvardsson', 'mr', 'gustaf', 'hjalmar']",[],0,M,0,1,146,7,2
677,0,3,24.5,0,0,8.05,male,342826,Missing,S,"['sawyer', 'mr', 'frederick', 'charles']",[],0,M,0,1,146,7,2
678,1,3,18.0,0,0,9.8417,female,4138,Missing,S,"['turja', 'miss', 'anna', 'sofia']",[],0,M,0,0,146,7,2
679,0,3,43.0,1,6,46.9,female,CA 2144,Missing,S,"['goodwin', 'mrs', 'frederick', 'augusta', 'tyler']",[],0,M,7,0,146,7,2
680,1,1,36.0,0,1,512.3292,male,PC 17755,B51 B53 B55,C,"['cardeza', 'mr', 'thomas', 'drake', 'martinez']","['B51', 'B53', 'B55']",3,B,1,1,34,1,0
681,0,3,28.0,0,0,8.1375,female,330935,Missing,Q,"['peters', 'miss', 'katie']",[],0,M,0,0,146,7,1
682,1,1,27.0,0,0,76.7292,male,PC 17572,D49,C,"['hassab', 'mr', 'hammad']",['D49'],1,D,0,1,109,3,0
683,0,3,20.0,0,0,9.225,male,6563,Missing,S,"['olsvigen', 'mr', 'thor', 'anderson']",[],0,M,0,1,146,7,2
684,0,3,14.0,5,2,46.9,male,CA 2144,Missing,S,"['goodwin', 'mr', 'charles', 'edward']",[],0,M,7,1,146,7,2
685,0,2,60.0,1,1,39.0,male,29750,Missing,S,"['brown', 'mr', 'thomas', 'william', 'solomon']",[],0,M,2,1,146,7,2
686,0,2,25.0,1,2,41.5792,male,SC/Paris 2123,Missing,C,"['laroche', 'mr', 'joseph', 'philippe', 'lemercier']",[],0,M,3,1,146,7,0
687,0,3,14.0,4,1,39.6875,male,3101295,Missing,S,"['panula', 'mr', 'jaako', 'arnold']",[],0,M,5,1,146,7,2
688,0,3,19.0,0,0,10.1708,male,349228,Missing,S,"['dakic', 'mr', 'branko']",[],0,M,0,1,146,7,2
689,0,3,18.0,0,0,7.7958,male,350036,Missing,S,"['fischer', 'mr', 'eberhard', 'thelander']",[],0,M,0,1,146,7,2
690,1,1,15.0,0,1,211.3375,female,24160,B5,S,"['madill', 'miss', 'georgette', 'alexandra']",['B5'],1,B,1,0,32,1,2
691,1,1,31.0,1,0,57.0,male,17474,B20,S,"['dick', 'mr', 'albert', 'adrian']",['B20'],1,B,1,1,19,1,2
692,1,3,4.0,0,1,13.4167,female,349256,Missing,C,"['karun', 'miss', 'manca']",[],0,M,1,0,146,7,0
693,1,3,28.0,0,0,56.4958,male,1601,Missing,S,"['lam', 'mr', 'ali']",[],0,M,0,1,146,7,2
694,0,3,25.0,0,0,7.225,male,2672,Missing,C,"['saad', 'mr', 'khalil']",[],0,M,0,1,146,7,0
695,0,1,60.0,0,0,26.55,male,113800,Missing,S,"['weir', 'col', 'john']",[],0,M,0,1,146,7,2
696,0,2,52.0,0,0,13.5,male,248731,Missing,S,"['chapman', 'mr', 'charles', 'henry']",[],0,M,0,1,146,7,2
697,0,3,44.0,0,0,8.05,male,363592,Missing,S,"['kelly', 'mr', 'james']",[],0,M,0,1,146,7,2
698,1,3,28.0,0,0,7.7333,female,35852,Missing,Q,"['mullens', 'miss', 'katherine', 'katie']",[],0,M,0,0,146,7,1
699,0,1,49.0,1,1,110.8833,male,17421,C68,C,"['thayer', 'mr', 'john', 'borland']",['C68'],1,C,2,1,75,2,0
700,0,3,42.0,0,0,7.65,male,348121,F G63,S,"['humblen', 'mr', 'adolf', 'mathias', 'nicolai', 'olsen']","['F', 'G63']",2,F,0,1,139,5,2
701,1,1,18.0,1,0,227.525,female,PC 17757,C62 C64,C,"['astor', 'mrs', 'john', 'jacob', 'madeleine', 'talmadge', 'force']","['C62', 'C64']",2,C,1,0,73,2,0
702,1,1,35.0,0,0,26.2875,male,PC 17475,E24,S,"['silverthorne', 'mr', 'spencer', 'victor']",['E24'],1,E,0,1,120,4,2
703,0,3,18.0,0,1,14.4542,female,2691,Missing,C,"['barbara', 'miss', 'saiide']",[],0,M,1,0,146,7,0
704,0,3,25.0,0,0,7.7417,male,36864,Missing,Q,"['gallagher', 'mr', 'martin']",[],0,M,0,1,146,7,1
705,0,3,26.0,1,0,7.8542,male,350025,Missing,S,"['hansen', 'mr', 'henrik', 'juul']",[],0,M,1,1,146,7,2
706,0,2,39.0,0,0,26.0,male,250655,Missing,S,"['morley', 'mr', 'henry', 'samuel', 'mr', 'henry', 'marshall']",[],0,M,0,1,146,7,2
707,1,2,45.0,0,0,13.5,female,223596,Missing,S,"['kelly', 'mrs', 'florence', 'fannie']",[],0,M,0,0,146,7,2
708,1,1,42.0,0,0,26.2875,male,PC 17476,E24,S,"['calderhead', 'mr', 'edward', 'pennington']",['E24'],1,E,0,1,120,4,2
709,1,1,22.0,0,0,151.55,female,113781,Missing,S,"['cleaver', 'miss', 'alice']",[],0,M,0,0,146,7,2
710,1,3,28.0,1,1,15.2458,male,2661,Missing,C,"['moubarek', 'master', 'halim', 'gonios', 'william', 'george']",[],0,M,2,1,146,7,0
711,1,1,24.0,0,0,49.5042,female,PC 17482,C90,C,"['mayne', 'mlle', 'berthe', 'antonine', 'mrs', 'de', 'villiers']",['C90'],1,C,0,0,84,2,0
712,0,1,28.0,0,0,26.55,male,113028,C124,S,"['klaber', 'mr', 'herman']",['C124'],1,C,0,1,56,2,2
713,1,1,48.0,1,0,52.0,male,19996,C126,S,"['taylor', 'mr', 'elmer', 'zebley']",['C126'],1,C,1,1,58,2,2
714,0,3,29.0,0,0,9.4833,male,7545,Missing,S,"['larsson', 'mr', 'august', 'viktor']",[],0,M,0,1,146,7,2
715,0,2,52.0,0,0,13.0,male,250647,Missing,S,"['greenberg', 'mr', 'samuel']",[],0,M,0,1,146,7,2
716,0,3,19.0,0,0,7.65,male,348124,F G73,S,"['soholt', 'mr', 'peter', 'andreas', 'lauritz', 'andersen']","['F', 'G73']",2,F,0,1,140,5,2
717,1,1,38.0,0,0,227.525,female,PC 17757,C45,C,"['endres', 'miss', 'caroline', 'louise']",['C45'],1,C,0,0,66,2,0
718,1,2,27.0,0,0,10.5,female,34218,E101,S,"['troutt', 'miss', 'edwina', 'celia', 'winnie']",['E101'],1,E,0,0,116,4,2
719,0,3,28.0,0,0,15.5,male,36568,Missing,Q,"['mcevoy', 'mr', 'michael']",[],0,M,0,1,146,7,1
720,0,3,33.0,0,0,7.775,male,347062,Missing,S,"['johnson', 'mr', 'malkolm', 'joackim']",[],0,M,0,1,146,7,2
721,1,2,6.0,0,1,33.0,female,248727,Missing,S,"['harper', 'miss', 'annie', 'jessie', 'nina']",[],0,M,1,0,146,7,2
722,0,3,17.0,1,0,7.0542,male,350048,Missing,S,"['jensen', 'mr', 'svend', 'lauritz']",[],0,M,1,1,146,7,2
723,0,2,34.0,0,0,13.0,male,12233,Missing,S,"['gillespie', 'mr', 'william', 'henry']",[],0,M,0,1,146,7,2
724,0,2,50.0,0,0,13.0,male,250643,Missing,S,"['hodges', 'mr', 'henry', 'price']",[],0,M,0,1,146,7,2
725,1,1,27.0,1,0,53.1,male,113806,E8,S,"['chambers', 'mr', 'norman', 'campbell']",['E8'],1,E,1,1,137,4,2
726,0,3,20.0,0,0,8.6625,male,315094,Missing,S,"['oreskovic', 'mr', 'luka']",[],0,M,0,1,146,7,2
727,1,2,30.0,3,0,21.0,female,31027,Missing,S,"['renouf', 'mrs', 'peter', 'henry', 'lillian', 'jefferys']",[],0,M,3,0,146,7,2
728,1,3,28.0,0,0,7.7375,female,36866,Missing,Q,"['mannion', 'miss', 'margareth']",[],0,M,0,0,146,7,1
729,0,2,25.0,1,0,26.0,male,236853,Missing,S,"['bryhl', 'mr', 'kurt', 'arnold', 'gottfrid']",[],0,M,1,1,146,7,2
730,0,3,25.0,1,0,7.925,female,STON/O2. 3101271,Missing,S,"['ilmakangas', 'miss', 'pieta', 'sofia']",[],0,M,1,0,146,7,2
731,1,1,29.0,0,0,211.3375,female,24160,B5,S,"['allen', 'miss', 'elisabeth', 'walton']",['B5'],1,B,0,0,32,1,2
732,0,3,11.0,0,0,18.7875,male,2699,Missing,C,"['hassan', 'mr', 'houssein', 'g', 'n']",[],0,M,0,1,146,7,0
733,0,2,28.0,0,0,0.0,male,239855,Missing,S,"['knight', 'mr', 'robert', 'j']",[],0,M,0,1,146,7,2
734,0,2,23.0,0,0,13.0,male,28425,Missing,S,"['berriman', 'mr', 'william', 'john']",[],0,M,0,1,146,7,2
735,0,2,23.0,0,0,13.0,male,233639,Missing,S,"['troupiansky', 'mr', 'moses', 'aaron']",[],0,M,0,1,146,7,2
736,0,3,28.5,0,0,16.1,male,54636,Missing,S,"['williams', 'mr', 'leslie']",[],0,M,0,1,146,7,2
737,0,3,48.0,1,3,34.375,female,W./C. 6608,Missing,S,"['ford', 'mrs', 'edward', 'margaret', 'ann', 'watson']",[],0,M,4,0,146,7,2
738,1,1,35.0,0,0,512.3292,male,PC 17755,B101,C,"['lesurer', 'mr', 'gustave', 'j']",['B101'],1,B,0,1,15,1,0
739,0,3,28.0,0,0,7.8958,male,349201,Missing,S,"['ivanoff', 'mr', 'kanio']",[],0,M,0,1,146,7,2
740,0,3,28.0,0,0,7.8958,male,349218,Missing,S,"['nankoff', 'mr', 'minko']",[],0,M,0,1,146,7,2
741,1,1,28.0,0,0,30.0,male,16988,D45,S,"['hawksford', 'mr', 'walter', 'james']",['D45'],1,D,0,1,105,3,2
742,0,1,36.0,1,0,78.85,male,19877,C46,S,"['cavendish', 'mr', 'tyrell', 'william']",['C46'],1,C,1,1,67,2,2
743,1,1,21.0,2,2,262.375,female,PC 17608,B57 B59 B63 B66,C,"['ryerson', 'miss', 'susan', 'parker', 'suzette']","['B57', 'B59', 'B63', 'B66']",4,B,4,0,35,1,0
744,0,3,24.0,1,0,16.1,male,376566,Missing,S,"['mcnamee', 'mr', 'neal']",[],0,M,1,1,146,7,2
745,1,3,31.0,0,0,7.925,male,STON/O 2. 3101288,Missing,S,"['stranden', 'mr', 'juho']",[],0,M,0,1,146,7,2
746,0,1,70.0,1,1,71.0,male,WE/P 5735,B22,S,"['crosby', 'capt', 'edward', 'gifford']",['B22'],1,B,2,1,20,1,2
747,0,3,16.0,1,1,20.25,male,C.A. 2673,Missing,S,"['abbott', 'mr', 'rossmore', 'edward']",[],0,M,2,1,146,7,2
748,1,2,30.0,0,0,13.0,female,250648,Missing,S,"['sinkkonen', 'miss', 'anna']",[],0,M,0,0,146,7,2
749,0,1,19.0,1,0,53.1,male,113773,D30,S,"['marvin', 'mr', 'daniel', 'warner']",['D30'],1,D,1,1,100,3,2
750,0,3,31.0,0,0,7.75,male,335097,Missing,Q,"['connaghton', 'mr', 'michael']",[],0,M,0,1,146,7,1
751,1,2,4.0,1,1,23.0,female,29103,Missing,S,"['wells', 'miss', 'joan']",[],0,M,2,0,146,7,2
752,1,3,6.0,0,1,12.475,male,392096,E121,S,"['moor', 'master', 'meier']",['E121'],1,E,1,1,118,4,2
753,0,3,33.0,0,0,9.5,male,345780,Missing,S,"['vande', 'velde', 'mr', 'johannes', 'joseph']",[],0,M,0,1,146,7,2
754,0,3,23.0,0,0,7.8958,male,349204,Missing,S,"['jonkoff', 'mr', 'lalio']",[],0,M,0,1,146,7,2
755,1,2,48.0,1,2,65.0,female,220845,Missing,S,"['herman', 'mrs', 'samuel', 'jane', 'laver']",[],0,M,3,0,146,7,2
756,1,2,0.67,1,1,14.5,male,250649,Missing,S,"['hamalainen', 'master', 'viljo']",[],0,M,2,1,146,7,2
757,0,3,28.0,0,0,7.7958,male,350042,Missing,S,"['carlsson', 'mr', 'august', 'sigfrid']",[],0,M,0,1,146,7,2
758,0,2,18.0,0,0,11.5,male,29108,Missing,S,"['bailey', 'mr', 'percy', 'andrew']",[],0,M,0,1,146,7,2
759,0,3,34.0,0,0,8.05,male,363294,Missing,S,"['theobald', 'mr', 'thomas', 'leonard']",[],0,M,0,1,146,7,2
760,1,1,33.0,0,0,86.5,female,110152,B77,S,"['rothes', 'the', 'countess', 'of', 'lucy', 'noel', 'martha', 'dyeredwards']",['B77'],1,B,0,0,40,1,2
761,0,3,28.0,0,0,14.5,male,358585,Missing,S,"['garfirth', 'mr', 'john']",[],0,M,0,1,146,7,2
762,0,3,41.0,0,0,7.125,male,SOTON/O2 3101272,Missing,S,"['nirva', 'mr', 'iisakki', 'antino', 'aijo']",[],0,M,0,1,146,7,2
763,1,3,20.0,0,0,7.2292,male,2663,Missing,C,"['barah', 'mr', 'hanna', 'assi']",[],0,M,0,1,146,7,0
764,1,1,36.0,1,2,120.0,female,113760,B96 B98,S,"['carter', 'mrs', 'william', 'ernest', 'lucile', 'polk']","['B96', 'B98']",2,B,3,0,47,1,2
765,0,3,16.0,0,0,7.775,male,347074,Missing,S,"['eklund', 'mr', 'hans', 'linus']",[],0,M,0,1,146,7,2
766,1,1,51.0,1,0,77.9583,female,13502,D11,S,"['hogeboom', 'mrs', 'john', 'c', 'anna', 'andrews']",['D11'],1,D,1,0,92,3,2
767,0,1,28.0,0,0,39.6,male,112379,Missing,C,"['brewe', 'dr', 'arthur', 'jackson']",[],0,M,0,1,146,7,0
768,0,3,30.5,0,0,7.75,female,364850,Missing,Q,"['mangan', 'miss', 'mary']",[],0,M,0,0,146,7,1
769,0,3,28.0,1,0,24.15,male,371110,Missing,Q,"['moran', 'mr', 'daniel', 'j']",[],0,M,1,1,146,7,1
770,0,3,32.0,0,0,8.3625,male,8471,Missing,S,"['gronnestad', 'mr', 'daniel', 'danielsen']",[],0,M,0,1,146,7,2
771,0,3,24.0,0,0,9.5,male,345781,Missing,S,"['lievens', 'mr', 'rene', 'aime']",[],0,M,0,1,146,7,2
772,0,3,48.0,0,0,7.8542,male,350047,Missing,S,"['jensen', 'mr', 'niels', 'peder']",[],0,M,0,1,146,7,2
773,0,2,57.0,0,0,10.5,female,S.O./P.P. 3,E77,S,"['mack', 'mrs', 'mary']",['E77'],1,E,0,0,136,4,2
774,0,3,28.0,0,0,7.225,male,2674,Missing,C,"['elias', 'mr', 'dibo']",[],0,M,0,1,146,7,0
775,1,2,54.0,1,3,23.0,female,29105,Missing,S,"['hocking', 'mrs', 'elizabeth', 'eliza', 'needs']",[],0,M,4,0,146,7,2
776,0,3,18.0,0,0,7.75,male,347078,Missing,S,"['myhrman', 'mr', 'pehr', 'fabian', 'oliver', 'malkolm']",[],0,M,0,1,146,7,2
777,0,3,28.0,0,0,7.75,male,383121,F38,Q,"['tobin', 'mr', 'roger']",['F38'],1,F,0,1,143,5,1
778,1,3,5.0,0,0,12.475,female,364516,Missing,S,"['emanuel', 'miss', 'virginia', 'ethel']",[],0,M,0,0,146,7,2
779,0,3,28.0,0,0,7.7375,male,36865,Missing,Q,"['kilgannon', 'mr', 'thomas', 'j']",[],0,M,0,1,146,7,1
780,1,1,43.0,0,1,211.3375,female,24160,B3,S,"['robert', 'mrs', 'edward', 'scott', 'elisabeth', 'walton', 'mcmillan']",['B3'],1,B,1,0,22,1,2
781,1,3,13.0,0,0,7.2292,female,2687,Missing,C,"['ayoub', 'miss', 'banoura']",[],0,M,0,0,146,7,0
782,1,1,17.0,1,0,57.0,female,17474,B20,S,"['dick', 'mrs', 'albert', 'adrian', 'vera', 'gillespie']",['B20'],1,B,1,0,19,1,2
783,0,1,29.0,0,0,30.0,male,113501,D6,S,"['long', 'mr', 'milton', 'clyde']",['D6'],1,D,0,1,112,3,2
784,0,3,28.0,1,2,23.45,male,W./C. 6607,Missing,S,"['johnston', 'mr', 'andrew', 'g']",[],0,M,3,1,146,7,2
785,0,3,25.0,0,0,7.05,male,SOTON/O.Q. 3101312,Missing,S,"['ali', 'mr', 'william']",[],0,M,0,1,146,7,2
786,0,3,25.0,0,0,7.25,male,374887,Missing,S,"['harmer', 'mr', 'abraham', 'david', 'lishin']",[],0,M,0,1,146,7,2
787,1,3,18.0,0,0,7.4958,female,3101265,Missing,S,"['sjoblom', 'miss', 'anna', 'sofia']",[],0,M,0,0,146,7,2
788,0,3,8.0,4,1,29.125,male,382652,Missing,Q,"['rice', 'master', 'george', 'hugh']",[],0,M,5,1,146,7,1
789,1,3,1.0,1,2,20.575,male,C.A. 2315,Missing,S,"['dean', 'master', 'bertram', 'vere']",[],0,M,3,1,146,7,2
790,0,1,46.0,0,0,79.2,male,PC 17593,B82 B84,C,"['guggenheim', 'mr', 'benjamin']","['B82', 'B84']",2,B,0,1,44,1,0
791,0,3,28.0,0,0,7.75,male,12460,Missing,Q,"['keane', 'mr', 'andrew', 'andy']",[],0,M,0,1,146,7,1
792,0,2,16.0,0,0,26.0,male,239865,Missing,S,"['gaskell', 'mr', 'alfred']",[],0,M,0,1,146,7,2
793,0,3,28.0,8,2,69.55,female,CA. 2343,Missing,S,"['sage', 'miss', 'stella', 'anna']",[],0,M,10,0,146,7,2
794,0,1,28.0,0,0,30.6958,male,PC 17600,Missing,C,"['hoyt', 'mr', 'william', 'fisher']",[],0,M,0,1,146,7,0
795,0,3,25.0,0,0,7.8958,male,349203,Missing,S,"['dantcheff', 'mr', 'ristiu']",[],0,M,0,1,146,7,2
796,0,2,39.0,0,0,13.0,male,28213,Missing,S,"['otter', 'mr', 'richard']",[],0,M,0,1,146,7,2
797,1,1,49.0,0,0,25.9292,female,17465,D17,S,"['leader', 'dr', 'alice', 'farnham']",['D17'],1,D,0,0,94,3,2
798,1,3,31.0,0,0,8.6833,female,349244,Missing,S,"['osman', 'mrs', 'mara']",[],0,M,0,0,146,7,2
799,0,3,30.0,0,0,7.2292,male,2685,Missing,C,"['ibrahim', 'shawah', 'mr', 'yousseff']",[],0,M,0,1,146,7,0
800,0,3,30.0,1,1,24.15,female,345773,Missing,S,"['van', 'impe', 'mrs', 'jean', 'baptiste', 'rosalie', 'paula', 'govaert']",[],0,M,2,0,146,7,2
801,0,2,34.0,0,0,13.0,male,250647,Missing,S,"['ponesell', 'mr', 'martin']",[],0,M,0,1,146,7,2
802,1,2,31.0,1,1,26.25,female,C.A. 31921,Missing,S,"['collyer', 'mrs', 'harvey', 'charlotte', 'annie', 'tate']",[],0,M,2,0,146,7,2
803,1,1,11.0,1,2,120.0,male,113760,B96 B98,S,"['carter', 'master', 'william', 'thornton', 'ii']","['B96', 'B98']",2,B,3,1,47,1,2
804,1,3,0.42,0,1,8.5167,male,2625,Missing,C,"['thomas', 'master', 'assad', 'alexander']",[],0,M,1,1,146,7,0
805,1,3,27.0,0,0,6.975,male,347089,Missing,S,"['hedman', 'mr', 'oskar', 'arvid']",[],0,M,0,1,146,7,2
806,0,3,31.0,0,0,7.775,male,347063,Missing,S,"['johansson', 'mr', 'karl', 'johan']",[],0,M,0,1,146,7,2
807,0,1,39.0,0,0,0.0,male,112050,A36,S,"['andrews', 'mr', 'thomas', 'jr']",['A36'],1,A,0,1,11,0,2
808,0,3,18.0,0,0,7.775,female,347087,Missing,S,"['pettersson', 'miss', 'ellen', 'natalia']",[],0,M,0,0,146,7,2
809,0,2,39.0,0,0,13.0,male,248723,Missing,S,"['meyer', 'mr', 'august']",[],0,M,0,1,146,7,2
810,1,1,33.0,1,0,53.1,female,113806,E8,S,"['chambers', 'mrs', 'norman', 'campbell', 'bertha', 'griggs']",['E8'],1,E,1,0,137,4,2
811,0,3,26.0,0,0,7.8875,male,3474,Missing,S,"['alexander', 'mr', 'william']",[],0,M,0,1,146,7,2
812,0,3,39.0,0,0,24.15,male,A/4 48871,Missing,S,"['lester', 'mr', 'james']",[],0,M,0,1,146,7,2
813,0,2,35.0,0,0,10.5,male,28206,Missing,S,"['slemen', 'mr', 'richard', 'james']",[],0,M,0,1,146,7,2
814,0,3,6.0,4,2,31.275,female,347082,Missing,S,"['andersson', 'miss', 'ebba', 'iris', 'alfrida']",[],0,M,6,0,146,7,2
815,0,3,30.5,0,0,8.05,male,364499,Missing,S,"['tomlin', 'mr', 'ernest', 'portage']",[],0,M,0,1,146,7,2
816,0,1,28.0,0,0,0.0,male,112058,B102,S,"['fry', 'mr', 'richard']",['B102'],1,B,0,1,16,1,2
817,0,3,23.0,0,0,7.925,female,STON/O2. 3101290,Missing,S,"['heininen', 'miss', 'wendla', 'maria']",[],0,M,0,0,146,7,2
818,0,2,31.0,1,1,37.0042,male,S.C./PARIS 2079,Missing,C,"['mallet', 'mr', 'albert']",[],0,M,2,1,146,7,0
819,0,3,43.0,0,0,6.45,male,C 7075,Missing,S,"['holm', 'mr', 'john', 'fredrik', 'alexander']",[],0,M,0,1,146,7,2
820,0,3,10.0,3,2,27.9,male,347088,Missing,S,"['skoog', 'master', 'karl', 'thorsten']",[],0,M,5,1,146,7,2
821,1,1,52.0,1,1,93.5,female,12749,B69,S,"['hays', 'mrs', 'charles', 'melville', 'clara', 'jennings', 'gregg']",['B69'],1,B,2,0,37,1,2
822,1,3,27.0,0,0,8.6625,male,315098,Missing,S,"['lulic', 'mr', 'nikola']",[],0,M,0,1,146,7,2
823,0,1,38.0,0,0,0.0,male,19972,Missing,S,"['reuchlin', 'jonkheer', 'john', 'george']",[],0,M,0,1,146,7,2
824,1,3,27.0,0,1,12.475,female,392096,E121,S,"['moor', 'mrs', 'beila']",['E121'],1,E,1,0,118,4,2
825,0,3,2.0,4,1,39.6875,male,3101295,Missing,S,"['panula', 'master', 'urho', 'abraham']",[],0,M,5,1,146,7,2
826,0,3,28.0,0,0,6.95,male,368323,Missing,Q,"['flynn', 'mr', 'john']",[],0,M,0,1,146,7,1
827,0,3,28.0,0,0,56.4958,male,1601,Missing,S,"['lam', 'mr', 'len']",[],0,M,0,1,146,7,2
828,1,2,1.0,0,2,37.0042,male,S.C./PARIS 2079,Missing,C,"['mallet', 'master', 'andre']",[],0,M,2,1,146,7,0
829,1,3,28.0,0,0,7.75,male,367228,Missing,Q,"['mccormack', 'mr', 'thomas', 'joseph']",[],0,M,0,1,146,7,1
830,1,1,62.0,0,0,80.0,female,113572,B28,S,"['stone', 'mrs', 'george', 'nelson', 'martha', 'evelyn']",['B28'],1,B,0,0,21,1,2
831,1,3,15.0,1,0,14.4542,female,2659,Missing,C,"['yasbeck', 'mrs', 'antoni', 'selini', 'alexander']",[],0,M,1,0,146,7,0
832,1,2,0.83,1,1,18.75,male,29106,Missing,S,"['richards', 'master', 'george', 'sibley']",[],0,M,2,1,146,7,2
833,0,3,28.0,0,0,7.2292,male,2671,Missing,C,"['saad', 'mr', 'amin']",[],0,M,0,1,146,7,0
834,0,3,23.0,0,0,7.8542,male,347468,Missing,S,"['augustsson', 'mr', 'albert']",[],0,M,0,1,146,7,2
835,0,3,18.0,0,0,8.3,male,2223,Missing,S,"['allum', 'mr', 'owen', 'george']",[],0,M,0,1,146,7,2
836,1,1,39.0,1,1,83.1583,female,PC 17756,E49,C,"['compton', 'miss', 'sara', 'rebecca']",['E49'],1,E,2,0,130,4,0
837,0,3,21.0,0,0,8.6625,male,315097,Missing,S,"['pasic', 'mr', 'jakob']",[],0,M,0,1,146,7,2
838,0,3,28.0,0,0,8.05,male,392092,Missing,S,"['sirota', 'mr', 'maurice']",[],0,M,0,1,146,7,2
839,1,3,32.0,0,0,56.4958,male,1601,Missing,S,"['chip', 'mr', 'chang']",[],0,M,0,1,146,7,2
840,1,1,28.0,0,0,29.7,male,11774,C47,C,"['marechal', 'mr', 'pierre']",['C47'],1,C,0,1,68,2,0
841,0,3,20.0,0,0,7.925,male,SOTON/O2 3101287,Missing,S,"['alhomaki', 'mr', 'ilmari', 'rudolf']",[],0,M,0,1,146,7,2
842,0,2,16.0,0,0,10.5,male,S.O./P.P. 3,Missing,S,"['mudd', 'mr', 'thomas', 'charles']",[],0,M,0,1,146,7,2
843,1,1,30.0,0,0,31.0,female,113798,Missing,C,"['serepeca', 'miss', 'augusta']",[],0,M,0,0,146,7,0
844,0,3,34.5,0,0,6.4375,male,2683,Missing,C,"['lemberopolous', 'mr', 'peter', 'l']",[],0,M,0,1,146,7,0
845,0,3,17.0,0,0,8.6625,male,315090,Missing,S,"['culumovic', 'mr', 'jeso']",[],0,M,0,1,146,7,2
846,0,3,42.0,0,0,7.55,male,C.A. 5547,Missing,S,"['abbing', 'mr', 'anthony']",[],0,M,0,1,146,7,2
847,0,3,28.0,8,2,69.55,male,CA. 2343,Missing,S,"['sage', 'mr', 'douglas', 'bullen']",[],0,M,10,1,146,7,2
848,0,3,35.0,0,0,7.8958,male,349213,Missing,C,"['markoff', 'mr', 'marin']",[],0,M,0,1,146,7,0
849,0,2,28.0,0,1,33.0,male,248727,Missing,S,"['harper', 'rev', 'john']",[],0,M,1,1,146,7,2
850,1,1,28.0,1,0,89.1042,female,17453,C92,C,"['goldenberg', 'mrs', 'samuel', 'l', 'edwiga', 'grabowska']",['C92'],1,C,1,0,86,2,0
851,0,3,4.0,4,2,31.275,male,347082,Missing,S,"['andersson', 'master', 'sigvard', 'harald', 'elias']",[],0,M,6,1,146,7,2
852,0,3,74.0,0,0,7.775,male,347060,Missing,S,"['svensson', 'mr', 'johan']",[],0,M,0,1,146,7,2
853,0,3,9.0,1,1,15.2458,female,2678,Missing,C,"['boulos', 'miss', 'nourelain']",[],0,M,2,0,146,7,0
854,1,1,16.0,0,1,39.4,female,PC 17592,D28,S,"['lines', 'miss', 'mary', 'conover']",['D28'],1,D,1,0,99,3,2
855,0,2,44.0,1,0,26.0,female,244252,Missing,S,"['carter', 'mrs', 'ernest', 'courtenay', 'lilian', 'hughes']",[],0,M,1,0,146,7,2
856,1,3,18.0,0,1,9.35,female,392091,Missing,S,"['aks', 'mrs', 'sam', 'leah', 'rosen']",[],0,M,1,0,146,7,2
857,1,1,45.0,1,1,164.8667,female,36928,Missing,S,"['wick', 'mrs', 'george', 'dennick', 'mary', 'hitchcock']",[],0,M,2,0,146,7,2
858,1,1,51.0,0,0,26.55,male,113055,E17,S,"['daly', 'mr', 'peter', 'denis', '']",['E17'],1,E,0,1,119,4,2
859,1,3,24.0,0,3,19.2583,female,2666,Missing,C,"['baclini', 'mrs', 'solomon', 'latifa', 'qurban']",[],0,M,3,0,146,7,0
860,0,3,28.0,0,0,7.2292,male,2629,Missing,C,"['razi', 'mr', 'raihed']",[],0,M,0,1,146,7,0
861,0,3,41.0,2,0,14.1083,male,350026,Missing,S,"['hansen', 'mr', 'claus', 'peter']",[],0,M,2,1,146,7,2
862,0,2,21.0,1,0,11.5,male,28134,Missing,S,"['giles', 'mr', 'frederick', 'edward']",[],0,M,1,1,146,7,2
863,1,1,48.0,0,0,25.9292,female,17466,D17,S,"['swift', 'mrs', 'frederick', 'joel', 'margaret', 'welles', 'barron']",['D17'],1,D,0,0,94,3,2
864,0,3,28.0,8,2,69.55,female,CA. 2343,Missing,S,"['sage', 'miss', 'dorothy', 'edith', 'dolly']",[],0,M,10,0,146,7,2
865,0,2,24.0,0,0,13.0,male,233866,Missing,S,"['gill', 'mr', 'john', 'william']",[],0,M,0,1,146,7,2
866,1,2,42.0,0,0,13.0,female,236852,Missing,S,"['bystrom', 'mrs', 'karolina']",[],0,M,0,0,146,7,2
867,1,2,27.0,1,0,13.8583,female,SC/PARIS 2149,Missing,C,"['duran', 'y', 'more', 'miss', 'asuncion']",[],0,M,1,0,146,7,0
868,0,1,31.0,0,0,50.4958,male,PC 17590,A24,S,"['roebling', 'mr', 'washington', 'augustus', 'ii']",['A24'],1,A,0,1,6,0,2
869,0,3,28.0,0,0,9.5,male,345777,Missing,S,"['van', 'melkebeke', 'mr', 'philemon']",[],0,M,0,1,146,7,2
870,1,3,4.0,1,1,11.1333,male,347742,Missing,S,"['johnson', 'master', 'harold', 'theodor']",[],0,M,2,1,146,7,2
871,0,3,26.0,0,0,7.8958,male,349248,Missing,S,"['balkic', 'mr', 'cerin']",[],0,M,0,1,146,7,2
872,1,1,47.0,1,1,52.5542,female,11751,D35,S,"['beckwith', 'mrs', 'richard', 'leonard', 'sallie', 'monypeny']",['D35'],1,D,2,0,102,3,2
873,0,1,33.0,0,0,5.0,male,695,B51 B53 B55,S,"['carlsson', 'mr', 'frans', 'olof']","['B51', 'B53', 'B55']",3,B,0,1,34,1,2
874,0,3,47.0,0,0,9.0,male,345765,Missing,S,"['vander', 'cruyssen', 'mr', 'victor']",[],0,M,0,1,146,7,2
875,1,2,28.0,1,0,24.0,female,P/PP 3381,Missing,C,"['abelson', 'mrs', 'samuel', 'hannah', 'wizosky']",[],0,M,1,0,146,7,0
876,1,3,15.0,0,0,7.225,female,2667,Missing,C,"['najib', 'miss', 'adele', 'kiamie', 'jane']",[],0,M,0,0,146,7,0
877,0,3,20.0,0,0,9.8458,male,7534,Missing,S,"['gustafsson', 'mr', 'alfred', 'ossian']",[],0,M,0,1,146,7,2
878,0,3,19.0,0,0,7.8958,male,349212,Missing,S,"['petroff', 'mr', 'nedelio']",[],0,M,0,1,146,7,2
879,0,3,28.0,0,0,7.8958,male,349217,Missing,S,"['laleff', 'mr', 'kristo']",[],0,M,0,1,146,7,2
880,1,1,56.0,0,1,83.1583,female,11767,C50,C,"['potter', 'mrs', 'thomas', 'jr', 'lily', 'alexenia', 'wilson']",['C50'],1,C,1,0,70,2,0
881,1,2,25.0,0,1,26.0,female,230433,Missing,S,"['shelley', 'mrs', 'william', 'imanita', 'parrish', 'hall']",[],0,M,1,0,146,7,2
882,0,3,33.0,0,0,7.8958,male,349257,Missing,S,"['markun', 'mr', 'johann']",[],0,M,0,1,146,7,2
883,0,3,22.0,0,0,10.5167,female,7552,Missing,S,"['dahlberg', 'miss', 'gerda', 'ulrika']",[],0,M,0,0,146,7,2
884,0,2,28.0,0,0,10.5,male,C.A./SOTON 34068,Missing,S,"['banfield', 'mr', 'frederick', 'james']",[],0,M,0,1,146,7,2
885,0,3,25.0,0,0,7.05,male,SOTON/OQ 392076,Missing,S,"['sutehall', 'mr', 'henry', 'jr']",[],0,M,0,1,146,7,2
886,0,3,39.0,0,5,29.125,female,382652,Missing,Q,"['rice', 'mrs', 'william', 'margaret', 'norton']",[],0,M,5,0,146,7,1
887,0,2,27.0,0,0,13.0,male,211536,Missing,S,"['montvila', 'rev', 'juozas']",[],0,M,0,1,146,7,2
888,1,1,19.0,0,0,30.0,female,112053,B42,S,"['graham', 'miss', 'margaret', 'edith']",['B42'],1,B,0,0,30,1,2
889,0,3,28.0,1,2,23.45,female,W./C. 6607,Missing,S,"['johnston', 'miss', 'catherine', 'helen', 'carrie']",[],0,M,3,0,146,7,2
890,1,1,26.0,0,0,30.0,male,111369,C148,C,"['behr', 'mr', 'karl', 'howell']",['C148'],1,C,0,1,60,2,0
891,0,3,32.0,0,0,7.75,male,370376,Missing,Q,"['dooley', 'mr', 'patrick']",[],0,M,0,1,146,7,1
